,Day,Month,Year,1St,2ตัวบน,3ตัวบน,2ตัวล่าง,3ตัวหน้า1,3ตัวหน้า2,3ตัวล่าง1,3ตัวล่าง,2ตัวบน_100,2ตัวบน_10,2ตัวบน_1,3ตัวบน_100,3ตัวบน_10,3ตัวบน_1,2ตัวล่าง_100,2ตัวล่าง_10,2ตัวล่าง_1,3ตัวหน้า1_100,3ตัวหน้า1_10,3ตัวหน้า1_1,3ตัวหน้า2_100,3ตัวหน้า2_10,3ตัวหน้า2_1,3ตัวล่าง1_100,3ตัวล่าง1_10,3ตัวล่าง1_1,3ตัวล่าง_100,3ตัวล่าง_10,3ตัวล่าง_1
0,16,12,2563,201303,3,303,70,377,828,72,517,0,0,3,3,0,3,0,7,0,3,7,7,8,2,8,0,7,2,5,1,7
1,1,12,2563,100994,94,994,84,93,776,834,984,0,9,4,9,9,4,0,8,4,0,9,3,7,7,6,8,3,4,9,8,4
2,16,11,2563,972661,61,661,46,368,741,208,255,0,6,1,6,6,1,0,4,6,3,6,8,7,4,1,2,0,8,2,5,5
3,1,11,2563,506404,4,404,40,154,598,62,245,0,0,4,4,0,4,0,4,0,1,5,4,5,9,8,0,6,2,2,4,5
4,16,10,2563,286051,51,51,38,189,464,45,980,0,5,1,0,5,1,0,3,8,1,8,9,4,6,4,0,4,5,9,8,0
5,1,10,2563,837893,93,893,59,594,757,110,595,0,9,3,8,9,3,0,5,9,5,9,4,7,5,7,1,1,0,5,9,5
6,16,9,2563,244083,83,83,57,127,220,623,853,0,8,3,0,8,3,0,5,7,1,2,7,2,2,0,6,2,3,8,5,3
7,1,9,2563,999997,97,997,98,636,725,342,957,0,9,7,9,9,7,0,9,8,6,3,6,7,2,5,3,4,2,9,5,7
8,16,8,2563,945811,11,811,88,614,712,364,733,0,1,1,8,1,1,0,8,8,6,1,4,7,1,2,3,6,4,7,3,3
9,1,8,2563,569391,91,391,92,575,931,578,809,0,9,1,3,9,1,0,9,2,5,7,5,9,3,1,5,7,8,8,0,9
10,16,7,2563,873286,86,286,53,510,533,494,682,0,8,6,2,8,6,0,5,3,5,1,0,5,3,3,4,9,4,6,8,2
11,1,7,2563,347258,58,258,83,95,362,94,307,0,5,8,2,5,8,0,8,3,0,9,5,3,6,2,0,9,4,3,0,7
12,16,6,2563,516967,67,967,64,876,882,565,625,0,6,7,9,6,7,0,6,4,8,7,6,8,8,2,5,6,5,6,2,5
13,1,6,2563,831567,67,567,24,264,489,562,582,0,6,7,5,6,7,0,2,4,2,6,4,4,8,9,5,6,2,5,8,2
14,1,4,2563,51095,95,95,22,285,430,191,364,0,9,5,0,9,5,0,2,2,2,8,5,4,3,0,1,9,1,3,6,4
15,16,3,2563,503446,46,446,77,258,726,404,661,0,4,6,4,4,6,0,7,7,2,5,8,7,2,6,4,0,4,6,6,1
16,1,3,2563,875938,38,938,98,294,328,597,780,0,3,8,9,3,8,0,9,8,2,9,4,3,2,8,5,9,7,7,8,0
17,16,2,2563,781403,3,403,94,515,952,30,918,0,0,3,4,0,3,0,9,4,5,1,5,9,5,2,0,3,0,9,1,8
18,1,2,2563,589227,27,227,6,259,552,375,927,0,2,7,2,2,7,0,0,6,2,5,9,5,5,2,3,7,5,9,2,7
19,17,1,2563,491774,74,774,68,4,132,379,595,0,7,4,7,7,4,0,6,8,0,0,4,1,3,2,3,7,9,5,9,5
20,30,12,2562,510541,41,541,81,116,382,140,250,0,4,1,5,4,1,0,8,1,1,1,6,3,8,2,1,4,0,2,5,0
21,16,12,2562,529924,24,924,97,43,138,555,665,0,2,4,9,2,4,0,9,7,0,4,3,1,3,8,5,5,5,6,6,5
22,1,12,2562,453522,22,522,81,261,617,13,457,0,2,2,5,2,2,0,8,1,2,6,1,6,1,7,0,1,3,4,5,7
23,16,11,2562,17223,23,223,32,164,640,85,194,0,2,3,2,2,3,0,3,2,1,6,4,6,4,0,0,8,5,1,9,4
24,1,11,2562,967375,75,375,79,323,806,21,206,0,7,5,3,7,5,0,7,9,3,2,3,8,0,6,0,2,1,2,0,6
25,16,10,2562,812564,64,564,15,255,625,132,598,0,6,4,5,6,4,0,1,5,2,5,5,6,2,5,1,3,2,5,9,8
26,1,10,2562,691197,97,197,59,392,920,606,797,0,9,7,1,9,7,0,5,9,3,9,2,9,2,0,6,0,6,7,9,7
27,16,9,2562,340388,88,388,85,733,947,925,939,0,8,8,3,8,8,0,8,5,7,3,3,9,4,7,9,2,5,9,3,9
28,1,9,2562,798787,87,787,20,210,847,274,439,0,8,7,7,8,7,0,2,0,2,1,0,8,4,7,2,7,4,4,3,9
29,16,8,2562,775476,76,476,89,149,912,563,580,0,7,6,4,7,6,0,8,9,1,4,9,9,1,2,5,6,3,5,8,0
30,1,8,2562,387006,6,6,58,135,983,562,795,0,0,6,0,0,6,0,5,8,1,3,5,9,8,3,5,6,2,7,9,5
31,15,7,2562,369765,65,765,88,355,901,113,556,0,6,5,7,6,5,0,8,8,3,5,5,9,0,1,1,1,3,5,5,6
32,1,7,2562,943647,47,647,86,239,864,6,375,0,4,7,6,4,7,0,8,6,2,3,9,8,6,4,0,0,6,3,7,5
33,16,6,2562,174055,55,55,29,625,884,127,800,0,5,5,0,5,5,0,2,9,6,2,5,8,8,4,1,2,7,8,0,0
34,1,6,2562,516461,61,461,46,589,713,215,560,0,6,1,4,6,1,0,4,6,5,8,9,7,1,3,2,1,5,5,6,0
35,16,5,2562,962526,26,526,71,669,949,18,828,0,2,6,5,2,6,0,7,1,6,6,9,9,4,9,0,1,8,8,2,8
36,2,5,2562,61324,24,324,25,43,476,374,699,0,2,4,3,2,4,0,2,5,0,4,3,4,7,6,3,7,4,6,9,9
37,16,4,2562,570331,31,331,23,512,930,966,968,0,3,1,3,3,1,0,2,3,5,1,2,9,3,0,9,6,6,9,6,8
38,1,4,2562,109767,67,767,52,888,959,403,975,0,6,7,7,6,7,0,5,2,8,8,8,9,5,9,4,0,3,9,7,5
39,16,3,2562,724628,28,628,64,148,883,154,877,0,2,8,6,2,8,0,6,4,1,4,8,8,8,3,1,5,4,8,7,7
40,1,3,2562,345650,50,650,65,137,999,830,837,0,5,0,6,5,0,0,6,5,1,3,7,9,9,9,8,3,0,8,3,7
41,16,2,2562,74824,24,824,56,881,910,612,879,0,2,4,8,2,4,0,5,6,8,8,1,9,1,0,6,1,2,8,7,9
42,1,2,2562,967134,34,134,4,643,779,197,948,0,3,4,1,3,4,0,0,4,6,4,3,7,7,9,1,9,7,9,4,8
43,17,1,2562,197079,79,79,65,206,412,127,660,0,7,9,0,7,9,0,6,5,2,0,6,4,1,2,1,2,7,6,6,0
44,30,12,2561,735867,67,867,2,31,913,701,884,0,6,7,8,6,7,0,0,2,0,3,1,9,1,3,7,0,1,8,8,4
45,16,12,2561,356564,64,564,62,480,948,297,369,0,6,4,5,6,4,0,6,2,4,8,0,9,4,8,2,9,7,3,6,9
46,1,12,2561,21840,40,840,67,45,307,561,988,0,4,0,8,4,0,0,6,7,0,4,5,3,0,7,5,6,1,9,8,8
47,16,11,2561,989903,3,903,16,471,930,140,876,0,0,3,9,0,3,0,1,6,4,7,1,9,3,0,1,4,0,8,7,6
48,1,11,2561,149840,40,840,58,384,576,46,509,0,4,0,8,4,0,0,5,8,3,8,4,5,7,6,0,4,6,5,0,9
49,16,10,2561,200515,15,515,93,186,392,192,212,0,1,5,5,1,5,0,9,3,1,8,6,3,9,2,1,9,2,2,1,2
50,1,10,2561,452643,43,643,99,594,726,561,810,0,4,3,6,4,3,0,9,9,5,9,4,7,2,6,5,6,1,8,1,0
51,16,9,2561,149760,60,760,79,323,539,155,297,0,6,0,7,6,0,0,7,9,3,2,3,5,3,9,1,5,5,2,9,7
52,1,9,2561,734510,10,510,26,464,512,97,202,0,1,0,5,1,0,0,2,6,4,6,4,5,1,2,0,9,7,2,0,2
53,16,8,2561,586117,17,117,10,340,670,591,815,0,1,7,1,1,7,0,1,0,3,4,0,6,7,0,5,9,1,8,1,5
54,1,8,2561,386602,2,602,78,832,903,549,726,0,0,2,6,0,2,0,7,8,8,3,2,9,0,3,5,4,9,7,2,6
55,16,7,2561,596324,24,324,27,403,530,138,362,0,2,4,3,2,4,0,2,7,4,0,3,5,3,0,1,3,8,3,6,2
56,1,7,2561,963623,23,623,83,429,901,210,217,0,2,3,6,2,3,0,8,3,4,2,9,9,0,1,2,1,0,2,1,7
57,16,6,2561,223131,31,131,46,432,507,132,868,0,3,1,1,3,1,0,4,6,4,3,2,5,0,7,1,3,2,8,6,8
58,1,6,2561,988117,17,117,95,310,553,248,650,0,1,7,1,1,7,0,9,5,3,1,0,5,5,3,2,4,8,6,5,0
59,16,5,2561,75629,29,629,20,130,357,47,506,0,2,9,6,2,9,0,2,0,1,3,0,3,5,7,0,4,7,5,0,6
60,2,5,2561,248038,38,38,85,527,980,225,602,0,3,8,0,3,8,0,8,5,5,2,7,9,8,0,2,2,5,6,0,2
61,16,4,2561,739229,29,229,60,273,654,76,526,0,2,9,2,2,9,0,6,0,2,7,3,6,5,4,0,7,6,5,2,6
62,1,4,2561,412073,73,73,85,131,787,638,924,0,7,3,0,7,3,0,8,5,1,3,1,7,8,7,6,3,8,9,2,4
63,16,3,2561,218559,59,559,82,64,720,205,489,0,5,9,5,5,9,0,8,2,0,6,4,7,2,0,2,0,5,4,8,9
64,2,3,2561,759415,15,415,29,318,870,589,723,0,1,5,4,1,5,0,2,9,3,1,8,8,7,0,5,8,9,7,2,3
65,16,2,2561,309915,15,915,39,7,388,230,748,0,1,5,9,1,5,0,3,9,0,0,7,3,8,8,2,3,0,7,4,8
66,1,2,2561,26853,53,853,31,106,947,181,519,0,5,3,8,5,3,0,3,1,1,0,6,9,4,7,1,8,1,5,1,9
67,17,1,2561,203823,23,823,50,624,799,236,397,0,2,3,8,2,3,0,5,0,6,2,4,7,9,9,2,3,6,3,9,7
68,30,12,2560,911234,34,234,98,373,495,504,953,0,3,4,2,3,4,0,9,8,3,7,3,4,9,5,5,0,4,9,5,3
69,16,12,2560,955596,96,596,89,616,836,290,938,0,9,6,5,9,6,0,8,9,6,1,6,8,3,6,2,9,0,9,3,8
70,1,12,2560,451005,5,5,33,303,626,257,601,0,0,5,0,0,5,0,3,3,3,0,3,6,2,6,2,5,7,6,0,1
71,16,11,2560,292391,91,391,98,831,961,477,628,0,9,1,3,9,1,0,9,8,8,3,1,9,6,1,4,7,7,6,2,8
72,1,11,2560,533726,26,726,85,165,425,36,485,0,2,6,7,2,6,0,8,5,1,6,5,4,2,5,0,3,6,4,8,5
73,16,10,2560,413494,94,494,86,180,971,128,287,0,9,4,4,9,4,0,8,6,1,8,0,9,7,1,1,2,8,2,8,7
74,1,10,2560,880714,14,714,52,611,726,462,952,0,1,4,7,1,4,0,5,2,6,1,1,7,2,6,4,6,2,9,5,2
75,16,9,2560,170143,43,143,71,172,647,340,388,0,4,3,1,4,3,0,7,1,1,7,2,6,4,7,3,4,0,3,8,8
76,1,9,2560,143224,24,224,65,345,679,195,278,0,2,4,2,2,4,0,6,5,3,4,5,6,7,9,1,9,5,2,7,8
77,16,8,2560,715431,31,431,37,115,302,253,945,0,3,1,4,3,1,0,3,7,1,1,5,3,0,2,2,5,3,9,4,5
78,1,8,2560,756519,19,519,36,61,386,787,989,0,1,9,5,1,9,0,3,6,0,6,1,3,8,6,7,8,7,9,8,9
79,16,7,2560,820327,27,327,87,584,835,390,823,0,2,7,3,2,7,0,8,7,5,8,4,8,3,5,3,9,0,8,2,3
80,1,7,2560,112360,60,360,26,226,489,5,688,0,6,0,3,6,0,0,2,6,2,2,6,4,8,9,0,0,5,6,8,8
81,16,6,2560,943142,42,142,47,626,878,373,740,0,4,2,1,4,2,0,4,7,6,2,6,8,7,8,3,7,3,7,4,0
82,1,6,2560,53630,30,630,61,121,218,581,881,0,3,0,6,3,0,0,6,1,1,2,1,2,1,8,5,8,1,8,8,1
83,16,5,2560,454891,91,891,53,8,396,490,603,0,9,1,8,9,1,0,5,3,0,0,8,3,9,6,4,9,0,6,0,3
84,2,5,2560,8656,56,656,35,573,949,773,923,0,5,6,6,5,6,0,3,5,5,7,3,9,4,9,7,7,3,9,2,3
85,16,4,2560,816729,29,729,40,766,973,241,807,0,2,9,7,2,9,0,4,0,7,6,6,9,7,3,2,4,1,8,0,7
86,1,4,2560,392785,85,785,80,20,57,500,709,0,8,5,7,8,5,0,8,0,0,2,0,0,5,7,5,0,0,7,0,9
87,16,3,2560,273863,63,863,92,324,918,694,941,0,6,3,8,6,3,0,9,2,3,2,4,9,1,8,6,9,4,9,4,1
88,1,3,2560,978453,53,453,78,450,560,52,577,0,5,3,4,5,3,0,7,8,4,5,0,5,6,0,0,5,2,5,7,7
89,16,2,2560,229116,16,116,14,128,464,375,953,0,1,6,1,1,6,0,1,4,1,2,8,4,6,4,3,7,5,9,5,3
90,1,2,2560,54672,72,672,42,66,807,426,628,0,7,2,6,7,2,0,4,2,0,6,6,8,0,7,4,2,6,6,2,8
91,17,1,2560,145157,57,157,25,511,663,516,836,0,5,7,1,5,7,0,2,5,5,1,1,6,6,3,5,1,6,8,3,6
92,30,12,2559,377712,12,712,46,304,890,477,769,0,1,2,7,1,2,0,4,6,3,0,4,8,9,0,4,7,7,7,6,9
93,16,12,2559,435286,86,286,35,366,596,199,716,0,8,6,2,8,6,0,3,5,3,6,6,5,9,6,1,9,9,7,1,6
94,1,12,2559,86069,69,69,77,513,873,148,450,0,6,9,0,6,9,0,7,7,5,1,3,8,7,3,1,4,8,4,5,0
95,16,11,2559,858383,83,383,44,40,682,558,570,0,8,3,3,8,3,0,4,4,0,4,0,6,8,2,5,5,8,5,7,0
96,1,11,2559,785438,38,438,86,824,976,38,752,0,3,8,4,3,8,0,8,6,8,2,4,9,7,6,0,3,8,7,5,2
97,16,10,2559,571947,47,947,98,692,885,32,587,0,4,7,9,4,7,0,9,8,6,9,2,8,8,5,0,3,2,5,8,7
98,1,10,2559,887102,2,102,33,194,280,17,458,0,0,2,1,0,2,0,3,3,1,9,4,2,8,0,0,1,7,4,5,8
99,16,9,2559,240650,50,650,42,493,583,43,160,0,5,0,6,5,0,0,4,2,4,9,3,5,8,3,0,4,3,1,6,0
100,1,9,2559,638684,84,684,62,334,335,630,669,0,8,4,6,8,4,0,6,2,3,3,4,3,3,5,6,3,0,6,6,9
101,16,8,2559,254004,4,4,33,366,966,596,631,0,0,4,0,0,4,0,3,3,3,6,6,9,6,6,5,9,6,6,3,1
102,1,8,2559,272932,32,932,57,538,983,472,871,0,3,2,9,3,2,0,5,7,5,3,8,9,8,3,4,7,2,8,7,1
103,16,7,2559,449764,64,764,55,552,734,158,925,0,6,4,7,6,4,0,5,5,5,5,2,7,3,4,1,5,8,9,2,5
104,1,7,2559,82460,60,460,53,169,609,173,302,0,6,0,4,6,0,0,5,3,1,6,9,6,0,9,1,7,3,3,0,2
105,16,6,2559,73816,16,816,79,251,804,321,749,0,1,6,8,1,6,0,7,9,2,5,1,8,0,4,3,2,1,7,4,9
106,1,6,2559,511825,25,825,14,111,775,880,937,0,2,5,8,2,5,0,1,4,1,1,1,7,7,5,8,8,0,9,3,7
107,16,5,2559,141737,37,737,98,382,975,87,268,0,3,7,7,3,7,0,9,8,3,8,2,9,7,5,0,8,7,2,6,8
108,2,5,2559,399459,59,459,2,238,403,46,671,0,5,9,4,5,9,0,0,2,2,3,8,4,0,3,0,4,6,6,7,1
109,16,4,2559,221609,9,609,87,8,228,507,523,0,0,9,6,0,9,0,8,7,0,0,8,2,2,8,5,0,7,5,2,3
110,1,4,2559,66720,20,720,92,390,546,285,852,0,2,0,7,2,0,0,9,2,3,9,0,5,4,6,2,8,5,8,5,2
111,16,3,2559,134918,18,918,32,855,877,4,973,0,1,8,9,1,8,0,3,2,8,5,5,8,7,7,0,0,4,9,7,3
112,1,3,2559,439686,86,686,6,426,530,155,743,0,8,6,6,8,6,0,0,6,4,2,6,5,3,0,1,5,5,7,4,3
113,16,2,2559,356364,64,364,98,312,699,309,535,0,6,4,3,6,4,0,9,8,3,1,2,6,9,9,3,0,9,5,3,5
114,1,2,2559,927800,0,800,9,625,999,54,76,0,0,0,8,0,0,0,0,9,6,2,5,9,9,9,0,5,4,0,7,6
115,17,1,2559,304371,71,371,50,31,532,743,786,0,7,1,3,7,1,0,5,0,0,3,1,5,3,2,7,4,3,7,8,6
116,30,12,2558,8217,17,217,2,246,264,596,895,0,1,7,2,1,7,0,0,2,2,4,6,2,6,4,5,9,6,8,9,5
117,17,12,2558,930255,55,255,8,140,250,94,638,0,5,5,2,5,5,0,0,8,1,4,0,2,5,0,0,9,4,6,3,8
118,1,12,2558,915350,50,350,78,238,181,714,175,0,5,0,3,5,0,0,7,8,2,3,8,1,8,1,7,1,4,1,7,5
119,16,11,2558,795283,83,283,3,241,28,643,802,0,8,3,2,8,3,0,0,3,2,4,1,0,2,8,6,4,3,8,0,2
120,1,11,2558,361211,11,211,45,106,757,166,473,0,1,1,2,1,1,0,4,5,1,0,6,7,5,7,1,6,6,4,7,3
121,16,10,2558,968630,30,630,62,457,134,412,54,0,3,0,6,3,0,0,6,2,4,5,7,1,3,4,4,1,2,0,5,4
122,1,10,2558,594825,25,825,7,175,918,440,799,0,2,5,8,2,5,0,0,7,1,7,5,9,1,8,4,4,0,7,9,9
123,16,9,2558,743148,48,148,6,435,209,375,84,0,4,8,1,4,8,0,0,6,4,3,5,2,0,9,3,7,5,0,8,4
124,1,9,2558,21094,94,94,89,260,403,68,819,0,9,4,0,9,4,0,8,9,2,6,0,4,0,3,0,6,8,8,1,9
125,16,8,2558,33363,63,363,40,781,227,624,648,0,6,3,3,6,3,0,4,0,7,8,1,2,2,7,6,2,4,6,4,8
126,1,8,2558,518677,77,677,53,333,598,648,889,0,7,7,6,7,7,0,5,3,3,3,3,5,9,8,6,4,8,8,8,9
127,16,7,2558,121507,7,507,49,761,461,830,294,0,0,7,5,0,7,0,4,9,7,6,1,4,6,1,8,3,0,2,9,4
128,1,7,2558,759049,49,49,26,565,814,81,567,0,4,9,0,4,9,0,2,6,5,6,5,8,1,4,0,8,1,5,6,7
129,16,6,2558,644742,42,742,5,429,253,386,532,0,4,2,7,4,2,0,0,5,4,2,9,2,5,3,3,8,6,5,3,2
130,2,6,2558,388881,81,881,65,314,700,876,969,0,8,1,8,8,1,0,6,5,3,1,4,7,0,0,8,7,6,9,6,9
131,16,5,2558,11421,21,421,38,799,484,851,928,0,2,1,4,2,1,0,3,8,7,9,9,4,8,4,8,5,1,9,2,8
132,2,5,2558,543466,66,466,30,818,163,366,195,0,6,6,4,6,6,0,3,0,8,1,8,1,6,3,3,6,6,1,9,5
133,16,4,2558,506260,60,260,38,101,164,495,973,0,6,0,2,6,0,0,3,8,1,0,1,1,6,4,4,9,5,9,7,3
134,1,4,2558,605704,4,704,70,558,962,557,861,0,0,4,7,0,4,0,7,0,5,5,8,9,6,2,5,5,7,8,6,1
135,16,3,2558,48151,51,151,92,339,622,623,757,0,5,1,1,5,1,0,9,2,3,3,9,6,2,2,6,2,3,7,5,7
136,1,3,2558,240237,37,237,34,498,31,857,8,0,3,7,2,3,7,0,3,4,4,9,8,0,3,1,8,5,7,0,0,8
137,16,2,2558,1864,64,864,90,843,103,825,392,0,6,4,8,6,4,0,9,0,8,4,3,1,0,3,8,2,5,3,9,2
138,1,2,2558,155537,37,537,79,83,286,813,8,0,3,7,5,3,7,0,7,9,0,8,3,2,8,6,8,1,3,0,0,8
139,16,1,2558,244351,51,351,74,68,398,595,877,0,5,1,3,5,1,0,7,4,0,6,8,3,9,8,5,9,5,8,7,7
140,30,12,2557,461704,4,704,57,853,982,535,950,0,0,4,7,0,4,0,5,7,8,5,3,9,8,2,5,3,5,9,5,0
141,16,12,2557,948354,54,354,90,80,763,775,901,0,5,4,3,5,4,0,9,0,0,8,0,7,6,3,7,7,5,9,0,1
142,1,12,2557,480449,49,449,11,820,380,580,161,0,4,9,4,4,9,0,1,1,8,2,0,3,8,0,5,8,0,1,6,1
143,16,11,2557,479804,4,804,25,179,422,480,709,0,0,4,8,0,4,0,2,5,1,7,9,4,2,2,4,8,0,7,0,9
144,1,11,2557,206608,8,608,44,607,203,855,979,0,0,8,6,0,8,0,4,4,6,0,7,2,0,3,8,5,5,9,7,9
145,16,10,2557,656409,9,409,94,647,784,848,910,0,0,9,4,0,9,0,9,4,6,4,7,7,8,4,8,4,8,9,1,0
146,1,10,2557,375615,15,615,44,251,86,159,520,0,1,5,6,1,5,0,4,4,2,5,1,0,8,6,1,5,9,5,2,0
147,16,9,2557,772269,69,269,35,112,257,342,790,0,6,9,2,6,9,0,3,5,1,1,2,2,5,7,3,4,2,7,9,0
148,1,9,2557,856763,63,763,22,308,912,477,490,0,6,3,7,6,3,0,2,2,3,0,8,9,1,2,4,7,7,4,9,0
149,16,8,2557,662842,42,842,91,639,912,187,633,0,4,2,8,4,2,0,9,1,6,3,9,9,1,2,1,8,7,6,3,3
150,1,8,2557,766391,91,391,82,349,576,623,637,0,9,1,3,9,1,0,8,2,3,4,9,5,7,6,6,2,3,6,3,7
151,16,7,2557,468728,28,728,45,104,944,117,205,0,2,8,7,2,8,0,4,5,1,0,4,9,4,4,1,1,7,2,0,5
152,1,7,2557,378477,77,477,39,123,271,441,864,0,7,7,4,7,7,0,3,9,1,2,3,2,7,1,4,4,1,8,6,4
153,16,6,2557,673920,20,920,95,158,140,639,576,0,2,0,9,2,0,0,9,5,1,5,8,1,4,0,6,3,9,5,7,6
154,1,6,2557,781198,98,198,18,160,324,409,636,0,9,8,1,9,8,0,1,8,1,6,0,3,2,4,4,0,9,6,3,6
155,16,5,2557,87523,23,523,20,150,505,112,246,0,2,3,5,2,3,0,2,0,1,5,0,5,0,5,1,1,2,2,4,6
156,2,5,2557,103297,97,297,52,143,158,673,797,0,9,7,2,9,7,0,5,2,1,4,3,1,5,8,6,7,3,7,9,7
157,16,4,2557,153406,6,406,26,344,13,355,634,0,0,6,4,0,6,0,2,6,3,4,4,0,1,3,3,5,5,6,3,4
158,1,4,2557,28866,66,866,95,186,499,835,938,0,6,6,8,6,6,0,9,5,1,8,6,4,9,9,8,3,5,9,3,8
159,16,3,2557,531404,4,404,79,250,305,400,904,0,0,4,4,0,4,0,7,9,2,5,0,3,0,5,4,0,0,9,0,4
160,1,3,2557,906318,18,318,35,116,537,753,798,0,1,8,3,1,8,0,3,5,1,1,6,5,3,7,7,5,3,7,9,8
161,16,2,2557,384245,45,245,1,397,530,74,521,0,4,5,2,4,5,0,0,1,3,9,7,5,3,0,0,7,4,5,2,1
162,1,2,2557,180149,49,149,95,406,492,888,976,0,4,9,1,4,9,0,9,5,4,0,6,4,9,2,8,8,8,9,7,6
163,16,1,2557,306902,2,902,52,242,77,149,510,0,0,2,9,0,2,0,5,2,2,4,2,0,7,7,1,4,9,5,1,0
164,30,12,2556,561072,72,72,48,513,750,503,275,0,7,2,0,7,2,0,4,8,5,1,3,7,5,0,5,0,3,2,7,5
165,16,12,2556,341767,67,767,79,111,228,742,826,0,6,7,7,6,7,0,7,9,1,1,1,2,2,8,7,4,2,8,2,6
166,1,12,2556,168795,95,795,27,734,766,74,980,0,9,5,7,9,5,0,2,7,7,3,4,7,6,6,0,7,4,9,8,0
167,16,11,2556,806925,25,925,28,69,304,672,753,0,2,5,9,2,5,0,2,8,0,6,9,3,0,4,6,7,2,7,5,3
168,1,11,2556,739804,4,804,47,502,20,256,173,0,0,4,8,0,4,0,4,7,5,0,2,0,2,0,2,5,6,1,7,3
169,16,10,2556,963289,89,289,60,402,529,876,952,0,8,9,2,8,9,0,6,0,4,0,2,5,2,9,8,7,6,9,5,2
170,1,10,2556,647882,82,882,14,576,324,650,28,0,8,2,8,8,2,0,1,4,5,7,6,3,2,4,6,5,0,0,2,8
171,16,9,2556,562684,84,684,63,56,235,574,754,0,8,4,6,8,4,0,6,3,0,5,6,2,3,5,5,7,4,7,5,4
172,1,9,2556,548123,23,123,5,281,570,800,45,0,2,3,1,2,3,0,0,5,2,8,1,5,7,0,8,0,0,0,4,5
173,16,8,2556,321327,27,327,20,417,945,448,201,0,2,7,3,2,7,0,2,0,4,1,7,9,4,5,4,4,8,2,0,1
174,1,8,2556,356435,35,435,82,880,451,718,329,0,3,5,4,3,5,0,8,2,8,8,0,4,5,1,7,1,8,3,2,9
175,16,7,2556,566996,96,996,86,352,210,584,526,0,9,6,9,9,6,0,8,6,3,5,2,2,1,0,5,8,4,5,2,6
176,1,7,2556,646905,5,905,51,75,284,903,904,0,0,5,9,0,5,0,5,1,0,7,5,2,8,4,9,0,3,9,0,4
177,16,6,2556,289673,73,673,69,390,98,114,502,0,7,3,6,7,3,0,6,9,3,9,0,0,9,8,1,1,4,5,0,2
178,1,6,2556,935489,89,489,90,480,713,716,768,0,8,9,4,8,9,0,9,0,4,8,0,7,1,3,7,1,6,7,6,8
179,16,5,2556,687125,25,125,56,34,261,390,945,0,2,5,1,2,5,0,5,6,0,3,4,2,6,1,3,9,0,9,4,5
180,2,5,2556,603458,58,458,7,272,359,516,830,0,5,8,4,5,8,0,0,7,2,7,2,3,5,9,5,1,6,8,3,0
181,16,4,2556,843846,46,846,86,834,862,906,828,0,4,6,8,4,6,0,8,6,8,3,4,8,6,2,9,0,6,8,2,8
182,1,4,2556,571688,88,688,53,170,430,670,725,0,8,8,6,8,8,0,5,3,1,7,0,4,3,0,6,7,0,7,2,5
183,16,3,2556,968433,33,433,52,860,959,175,529,0,3,3,4,3,3,0,5,2,8,6,0,9,5,9,1,7,5,5,2,9
184,1,3,2556,976241,41,241,37,972,721,133,775,0,4,1,2,4,1,0,3,7,9,7,2,7,2,1,1,3,3,7,7,5
185,16,2,2556,368257,57,257,9,657,708,109,386,0,5,7,2,5,7,0,0,9,6,5,7,7,0,8,1,0,9,3,8,6
186,1,2,2556,565566,66,566,66,452,695,641,782,0,6,6,5,6,6,0,6,6,4,5,2,6,9,5,6,4,1,7,8,2
187,16,1,2556,820981,81,981,8,555,196,374,334,0,8,1,9,8,1,0,0,8,5,5,5,1,9,6,3,7,4,3,3,4
188,30,12,2555,302358,58,358,0,589,864,126,832,0,5,8,3,5,8,0,0,0,5,8,9,8,6,4,1,2,6,8,3,2
189,16,12,2555,529524,24,524,72,734,745,778,8,0,2,4,5,2,4,0,7,2,7,3,4,7,4,5,7,7,8,0,0,8
190,1,12,2555,110443,43,443,43,434,553,489,303,0,4,3,4,4,3,0,4,3,4,3,4,5,5,3,4,8,9,3,0,3
191,16,11,2555,639500,0,500,15,576,560,804,627,0,0,0,5,0,0,0,1,5,5,7,6,5,6,0,8,0,4,6,2,7
192,1,11,2555,524694,94,694,63,217,188,285,338,0,9,4,6,9,4,0,6,3,2,1,7,1,8,8,2,8,5,3,3,8
193,16,10,2555,281343,43,343,28,152,89,396,868,0,4,3,3,4,3,0,2,8,1,5,2,0,8,9,3,9,6,8,6,8
194,1,10,2555,124025,25,25,58,940,554,291,873,0,2,5,0,2,5,0,5,8,9,4,0,5,5,4,2,9,1,8,7,3
195,16,9,2555,540143,43,143,79,242,752,123,770,0,4,3,1,4,3,0,7,9,2,4,2,7,5,2,1,2,3,7,7,0
196,1,9,2555,329997,97,997,7,736,598,148,639,0,9,7,9,9,7,0,0,7,7,3,6,5,9,8,1,4,8,6,3,9
197,16,8,2555,683877,77,877,28,32,612,775,730,0,7,7,8,7,7,0,2,8,0,3,2,6,1,2,7,7,5,7,3,0
198,1,8,2555,895590,90,590,50,820,599,796,745,0,9,0,5,9,0,0,5,0,8,2,0,5,9,9,7,9,6,7,4,5
199,16,7,2555,904050,50,50,11,897,224,159,42,0,5,0,0,5,0,0,1,1,8,9,7,2,2,4,1,5,9,0,4,2
200,1,7,2555,915900,0,900,60,715,656,530,611,0,0,0,9,0,0,0,6,0,7,1,5,6,5,6,5,3,0,6,1,1
201,16,6,2555,159373,73,373,51,238,790,479,547,0,7,3,3,7,3,0,5,1,2,3,8,7,9,0,4,7,9,5,4,7
202,1,6,2555,882727,27,727,38,606,576,895,399,0,2,7,7,2,7,0,3,8,6,0,6,5,7,6,8,9,5,3,9,9
203,16,5,2555,814418,18,418,31,504,309,902,101,0,1,8,4,1,8,0,3,1,5,0,4,3,0,9,9,0,2,1,0,1
204,2,5,2555,889501,1,501,29,589,597,426,468,0,0,1,5,0,1,0,2,9,5,8,9,5,9,7,4,2,6,4,6,8
205,16,4,2555,583470,70,470,62,216,88,722,754,0,7,0,4,7,0,0,6,2,2,1,6,0,8,8,7,2,2,7,5,4
206,1,4,2555,257562,62,562,69,581,74,616,332,0,6,2,5,6,2,0,6,9,5,8,1,0,7,4,6,1,6,3,3,2
207,16,3,2555,607064,64,64,8,606,333,573,350,0,6,4,0,6,4,0,0,8,6,0,6,3,3,3,5,7,3,3,5,0
208,1,3,2555,222518,18,518,79,295,135,711,199,0,1,8,5,1,8,0,7,9,2,9,5,1,3,5,7,1,1,1,9,9
209,16,2,2555,648684,84,684,18,906,214,111,420,0,8,4,6,8,4,0,1,8,9,0,6,2,1,4,1,1,1,4,2,0
210,1,2,2555,320605,5,605,32,749,426,498,598,0,0,5,6,0,5,0,3,2,7,4,9,4,2,6,4,9,8,5,9,8
211,16,1,2555,451445,45,445,81,328,150,941,639,0,4,5,4,4,5,0,8,1,3,2,8,1,5,0,9,4,1,6,3,9
212,30,12,2554,526402,2,402,65,168,26,541,597,0,0,2,4,0,2,0,6,5,1,6,8,0,2,6,5,4,1,5,9,7
213,16,12,2554,884178,78,178,21,784,235,651,295,0,7,8,1,7,8,0,2,1,7,8,4,2,3,5,6,5,1,2,9,5
214,1,12,2554,408147,47,147,2,922,253,857,739,0,4,7,1,4,7,0,0,2,9,2,2,2,5,3,8,5,7,7,3,9
215,16,11,2554,997777,77,777,57,425,551,406,993,0,7,7,7,7,7,0,5,7,4,2,5,5,5,1,4,0,6,9,9,3
216,1,11,2554,805540,40,540,54,771,380,65,221,0,4,0,5,4,0,0,5,4,7,7,1,3,8,0,0,6,5,2,2,1
217,16,10,2554,955756,56,756,83,991,57,329,507,0,5,6,7,5,6,0,8,3,9,9,1,0,5,7,3,2,9,5,0,7
218,1,10,2554,511052,52,52,15,957,104,189,499,0,5,2,0,5,2,0,1,5,9,5,7,1,0,4,1,8,9,4,9,9
219,16,9,2554,731198,98,198,28,384,645,812,589,0,9,8,1,9,8,0,2,8,3,8,4,6,4,5,8,1,2,5,8,9
220,1,9,2554,724533,33,533,85,847,21,533,821,0,3,3,5,3,3,0,8,5,8,4,7,0,2,1,5,3,3,8,2,1
221,16,8,2554,536960,60,960,62,814,345,74,5,0,6,0,9,6,0,0,6,2,8,1,4,3,4,5,0,7,4,0,0,5
222,1,8,2554,218756,56,756,12,703,583,660,221,0,5,6,7,5,6,0,1,2,7,0,3,5,8,3,6,6,0,2,2,1
223,16,7,2554,116556,56,556,12,227,52,534,609,0,5,6,5,5,6,0,1,2,2,2,7,0,5,2,5,3,4,6,0,9
224,1,7,2554,622953,53,953,51,390,160,780,463,0,5,3,9,5,3,0,5,1,3,9,0,1,6,0,7,8,0,4,6,3
225,16,6,2554,351276,76,276,88,486,167,162,582,0,7,6,2,7,6,0,8,8,4,8,6,1,6,7,1,6,2,5,8,2
226,1,6,2554,562370,70,370,46,656,346,801,556,0,7,0,3,7,0,0,4,6,6,5,6,3,4,6,8,0,1,5,5,6
227,16,5,2554,406417,17,417,5,700,44,71,889,0,1,7,4,1,7,0,0,5,7,0,0,0,4,4,0,7,1,8,8,9
228,2,5,2554,54136,36,136,85,421,945,133,524,0,3,6,1,3,6,0,8,5,4,2,1,9,4,5,1,3,3,5,2,4
229,16,4,2554,825988,88,988,44,263,213,397,593,0,8,8,9,8,8,0,4,4,2,6,3,2,1,3,3,9,7,5,9,3
230,1,4,2554,814931,31,931,1,723,584,40,36,0,3,1,9,3,1,0,0,1,7,2,3,5,8,4,0,4,0,0,3,6
231,16,3,2554,593331,31,331,96,209,945,463,737,0,3,1,3,3,1,0,9,6,2,0,9,9,4,5,4,6,3,7,3,7
232,1,3,2554,656037,37,37,97,544,357,926,396,0,3,7,0,3,7,0,9,7,5,4,4,3,5,7,9,2,6,3,9,6
233,16,2,2554,481746,46,746,27,535,510,384,388,0,4,6,7,4,6,0,2,7,5,3,5,5,1,0,3,8,4,3,8,8
234,1,2,2554,610089,89,89,55,596,361,121,432,0,8,9,0,8,9,0,5,5,5,9,6,3,6,1,1,2,1,4,3,2
235,16,1,2554,281062,62,62,23,227,185,758,546,0,6,2,0,6,2,0,2,3,2,2,7,1,8,5,7,5,8,5,4,6
236,30,12,2553,884112,12,112,49,936,153,186,933,0,1,2,1,1,2,0,4,9,9,3,6,1,5,3,1,8,6,9,3,3
237,16,12,2553,334380,80,380,24,529,315,533,306,0,8,0,3,8,0,0,2,4,5,2,9,3,1,5,5,3,3,3,0,6
238,1,12,2553,181752,52,752,9,664,470,474,86,0,5,2,7,5,2,0,0,9,6,6,4,4,7,0,4,7,4,0,8,6
239,16,11,2553,813993,93,993,43,763,979,907,129,0,9,3,9,9,3,0,4,3,7,6,3,9,7,9,9,0,7,1,2,9
240,1,11,2553,191100,0,100,59,653,968,801,739,0,0,0,1,0,0,0,5,9,6,5,3,9,6,8,8,0,1,7,3,9
241,16,10,2553,621377,77,377,42,310,518,385,872,0,7,7,3,7,7,0,4,2,3,1,0,5,1,8,3,8,5,8,7,2
242,1,10,2553,488372,72,372,2,91,996,3,246,0,7,2,3,7,2,0,0,2,0,9,1,9,9,6,0,0,3,2,4,6
243,16,9,2553,17422,22,422,66,103,316,431,75,0,2,2,4,2,2,0,6,6,1,0,3,3,1,6,4,3,1,0,7,5
244,1,9,2553,354656,56,656,11,784,570,656,96,0,5,6,6,5,6,0,1,1,7,8,4,5,7,0,6,5,6,0,9,6
245,16,8,2553,911097,97,97,64,986,578,448,689,0,9,7,0,9,7,0,6,4,9,8,6,5,7,8,4,4,8,6,8,9
246,1,8,2553,210008,8,8,10,769,182,727,191,0,0,8,0,0,8,0,1,0,7,6,9,1,8,2,7,2,7,1,9,1
247,16,7,2553,180387,87,387,34,309,219,572,24,0,8,7,3,8,7,0,3,4,3,0,9,2,1,9,5,7,2,0,2,4
248,1,7,2553,480239,39,239,68,893,450,918,961,0,3,9,2,3,9,0,6,8,8,9,3,4,5,0,9,1,8,9,6,1
249,16,6,2553,500104,4,104,73,200,628,681,816,0,0,4,1,0,4,0,7,3,2,0,0,6,2,8,6,8,1,8,1,6
250,1,6,2553,444874,74,874,81,374,298,996,673,0,7,4,8,7,4,0,8,1,3,7,4,2,9,8,9,9,6,6,7,3
251,16,5,2553,480012,12,12,12,293,151,770,8,0,1,2,0,1,2,0,1,2,2,9,3,1,5,1,7,7,0,0,0,8
252,2,5,2553,360371,71,371,6,382,40,517,618,0,7,1,3,7,1,0,0,6,3,8,2,0,4,0,5,1,7,6,1,8
253,16,4,2553,211743,43,743,96,811,744,154,285,0,4,3,7,4,3,0,9,6,8,1,1,7,4,4,1,5,4,2,8,5
254,1,4,2553,959517,17,517,22,174,663,447,40,0,1,7,5,1,7,0,2,2,1,7,4,6,6,3,4,4,7,0,4,0
255,16,3,2553,364222,22,222,97,619,996,229,756,0,2,2,2,2,2,0,9,7,6,1,9,9,9,6,2,2,9,7,5,6
256,1,3,2553,215227,27,227,97,457,627,374,470,0,2,7,2,2,7,0,9,7,4,5,7,6,2,7,3,7,4,4,7,0
257,16,2,2553,133707,7,707,3,137,26,362,985,0,0,7,7,0,7,0,0,3,1,3,7,0,2,6,3,6,2,9,8,5
258,1,2,2553,186312,12,312,14,936,577,694,403,0,1,2,3,1,2,0,1,4,9,3,6,5,7,7,6,9,4,4,0,3
259,16,1,2553,73577,77,577,67,413,459,781,646,0,7,7,5,7,7,0,6,7,4,1,3,4,5,9,7,8,1,6,4,6
260,30,12,2552,994304,4,304,87,993,337,419,598,0,0,4,3,0,4,0,8,7,9,9,3,3,3,7,4,1,9,5,9,8
261,16,12,2552,685141,41,141,5,694,775,524,142,0,4,1,1,4,1,0,0,5,6,9,4,7,7,5,5,2,4,1,4,2
262,1,12,2552,776980,80,980,59,937,188,412,252,0,8,0,9,8,0,0,5,9,9,3,7,1,8,8,4,1,2,2,5,2
263,16,11,2552,55986,86,986,58,299,952,72,536,0,8,6,9,8,6,0,5,8,2,9,9,9,5,2,0,7,2,5,3,6
264,1,11,2552,689140,40,140,85,366,923,642,465,0,4,0,1,4,0,0,8,5,3,6,6,9,2,3,6,4,2,4,6,5
265,16,10,2552,258487,87,487,0,174,135,226,122,0,8,7,4,8,7,0,0,0,1,7,4,1,3,5,2,2,6,1,2,2
266,1,10,2552,169387,87,387,6,249,435,714,255,0,8,7,3,8,7,0,0,6,2,4,9,4,3,5,7,1,4,2,5,5
267,16,9,2552,202912,12,912,48,200,353,539,166,0,1,2,9,1,2,0,4,8,2,0,0,3,5,3,5,3,9,1,6,6
268,1,9,2552,15865,65,865,32,435,447,446,924,0,6,5,8,6,5,0,3,2,4,3,5,4,4,7,4,4,6,9,2,4
269,16,8,2552,462933,33,933,96,843,292,577,658,0,3,3,9,3,3,0,9,6,8,4,3,2,9,2,5,7,7,6,5,8
270,1,8,2552,154986,86,986,92,688,239,421,374,0,8,6,9,8,6,0,9,2,6,8,8,2,3,9,4,2,1,3,7,4
271,16,7,2552,816,16,816,94,5,177,356,836,0,1,6,8,1,6,0,9,4,0,0,5,1,7,7,3,5,6,8,3,6
272,1,7,2552,207542,42,542,66,233,107,799,385,0,4,2,5,4,2,0,6,6,2,3,3,1,0,7,7,9,9,3,8,5
273,16,6,2552,930456,56,456,15,125,44,954,179,0,5,6,4,5,6,0,1,5,1,2,5,0,4,4,9,5,4,1,7,9
274,1,6,2552,777661,61,661,26,242,97,240,642,0,6,1,6,6,1,0,2,6,2,4,2,0,9,7,2,4,0,6,4,2
275,16,5,2552,111411,11,411,54,368,838,362,892,0,1,1,4,1,1,0,5,4,3,6,8,8,3,8,3,6,2,8,9,2
276,2,5,2552,294452,52,452,11,222,549,947,301,0,5,2,4,5,2,0,1,1,2,2,2,5,4,9,9,4,7,3,0,1
277,16,4,2552,368415,15,415,33,954,179,7,570,0,1,5,4,1,5,0,3,3,9,5,4,1,7,9,0,0,7,5,7,0
278,1,4,2552,816578,78,578,50,572,363,113,44,0,7,8,5,7,8,0,5,0,5,7,2,3,6,3,1,1,3,0,4,4
279,16,3,2552,268812,12,812,36,228,929,424,63,0,1,2,8,1,2,0,3,6,2,2,8,9,2,9,4,2,4,0,6,3
280,1,3,2552,553091,91,91,67,224,238,665,295,0,9,1,0,9,1,0,6,7,2,2,4,2,3,8,6,6,5,2,9,5
281,16,2,2552,38730,30,730,93,961,939,115,434,0,3,0,7,3,0,0,9,3,9,6,1,9,3,9,1,1,5,4,3,4
282,1,2,2552,534533,33,533,69,660,777,15,427,0,3,3,5,3,3,0,6,9,6,6,0,7,7,7,0,1,5,4,2,7
283,16,1,2552,743212,12,212,25,266,800,842,885,0,1,2,2,1,2,0,2,5,2,6,6,8,0,0,8,4,2,8,8,5
284,30,12,2551,218596,96,596,22,94,197,831,984,0,9,6,5,9,6,0,2,2,0,9,4,1,9,7,8,3,1,9,8,4
285,16,12,2551,74114,14,114,25,305,715,803,959,0,1,4,1,1,4,0,2,5,3,0,5,7,1,5,8,0,3,9,5,9
286,1,12,2551,205434,34,434,5,13,260,617,957,0,3,4,4,3,4,0,0,5,0,1,3,2,6,0,6,1,7,9,5,7
287,16,11,2551,2612,12,612,20,68,589,824,877,0,1,2,6,1,2,0,2,0,0,6,8,5,8,9,8,2,4,8,7,7
288,1,11,2551,272028,28,28,76,285,333,421,929,0,2,8,0,2,8,0,7,6,2,8,5,3,3,3,4,2,1,9,2,9
289,16,10,2551,431277,77,277,98,324,526,644,648,0,7,7,2,7,7,0,9,8,3,2,4,5,2,6,6,4,4,6,4,8
290,1,10,2551,882911,11,911,67,204,302,311,395,0,1,1,9,1,1,0,6,7,2,0,4,3,0,2,3,1,1,3,9,5
291,16,9,2551,12377,77,377,56,378,534,557,691,0,7,7,3,7,7,0,5,6,3,7,8,5,3,4,5,5,7,6,9,1
292,1,9,2551,695993,93,993,9,27,206,413,904,0,9,3,9,9,3,0,0,9,0,2,7,2,0,6,4,1,3,9,0,4
293,16,8,2551,380377,77,377,36,161,445,457,744,0,7,7,3,7,7,0,3,6,1,6,1,4,4,5,4,5,7,7,4,4
294,1,8,2551,850348,48,348,11,236,386,408,913,0,4,8,3,4,8,0,1,1,2,3,6,3,8,6,4,0,8,9,1,3
295,16,7,2551,257374,74,374,41,344,401,486,576,0,7,4,3,7,4,0,4,1,3,4,4,4,0,1,4,8,6,5,7,6
296,1,7,2551,943671,71,671,50,96,287,490,523,0,7,1,6,7,1,0,5,0,0,9,6,2,8,7,4,9,0,5,2,3
297,16,6,2551,729111,11,111,75,339,345,639,870,0,1,1,1,1,1,0,7,5,3,3,9,3,4,5,6,3,9,8,7,0
298,1,6,2551,414875,75,875,35,370,666,747,916,0,7,5,8,7,5,0,3,5,3,7,0,6,6,6,7,4,7,9,1,6
299,16,5,2551,329231,31,231,69,193,120,355,214,0,3,1,2,3,1,0,6,9,1,9,3,1,2,0,3,5,5,2,1,4
300,2,5,2551,453011,11,11,62,1,133,1,792,0,1,1,0,1,1,0,6,2,0,0,1,1,3,3,0,0,1,7,9,2
301,16,4,2551,982800,0,800,64,802,584,43,8,0,0,0,8,0,0,0,6,4,8,0,2,5,8,4,0,4,3,0,0,8
302,1,4,2551,12653,53,653,71,124,195,200,586,0,5,3,6,5,3,0,7,1,1,2,4,1,9,5,2,0,0,5,8,6
303,16,3,2551,74946,46,946,33,77,974,85,158,0,4,6,9,4,6,0,3,3,0,7,7,9,7,4,0,8,5,1,5,8
304,1,3,2551,936685,85,685,5,56,85,371,691,0,8,5,6,8,5,0,0,5,0,5,6,0,8,5,3,7,1,6,9,1
305,16,2,2551,137054,54,54,80,344,512,630,892,0,5,4,0,5,4,0,8,0,3,4,4,5,1,2,6,3,0,8,9,2
306,1,2,2551,212684,84,684,26,311,472,732,796,0,8,4,6,8,4,0,2,6,3,1,1,4,7,2,7,3,2,7,9,6
307,16,1,2551,556010,10,10,81,413,548,942,965,0,1,0,0,1,0,0,8,1,4,1,3,5,4,8,9,4,2,9,6,5
308,30,12,2550,595411,11,411,81,267,490,741,787,0,1,1,4,1,1,0,8,1,2,6,7,4,9,0,7,4,1,7,8,7
309,16,12,2550,513501,1,501,96,425,432,460,702,0,0,1,5,0,1,0,9,6,4,2,5,4,3,2,4,6,0,7,0,2
310,1,12,2550,113410,10,410,18,418,485,627,659,0,1,0,4,1,0,0,1,8,4,1,8,4,8,5,6,2,7,6,5,9
311,16,11,2550,562481,81,481,73,130,198,752,844,0,8,1,4,8,1,0,7,3,1,3,0,1,9,8,7,5,2,8,4,4
312,1,11,2550,927907,7,907,88,213,277,524,648,0,0,7,9,0,7,0,8,8,2,1,3,2,7,7,5,2,4,6,4,8
313,16,10,2550,32988,88,988,48,158,663,685,846,0,8,8,9,8,8,0,4,8,1,5,8,6,6,3,6,8,5,8,4,6
314,1,10,2550,430667,67,667,76,90,104,126,667,0,6,7,6,6,7,0,7,6,0,9,0,1,0,4,1,2,6,6,6,7
315,16,9,2550,499336,36,336,45,247,273,604,608,0,3,6,3,3,6,0,4,5,2,4,7,2,7,3,6,0,4,6,0,8
316,1,9,2550,331810,10,810,69,293,505,518,520,0,1,0,8,1,0,0,6,9,2,9,3,5,0,5,5,1,8,5,2,0
317,16,8,2550,476207,7,207,93,234,236,312,424,0,0,7,2,0,7,0,9,3,2,3,4,2,3,6,3,1,2,4,2,4
318,1,8,2550,429924,24,924,29,6,48,885,962,0,2,4,9,2,4,0,2,9,0,0,6,0,4,8,8,8,5,9,6,2
319,16,7,2550,527384,84,384,77,105,183,334,947,0,8,4,3,8,4,0,7,7,1,0,5,1,8,3,3,3,4,9,4,7
320,1,7,2550,565151,51,151,76,146,287,638,949,0,5,1,1,5,1,0,7,6,1,4,6,2,8,7,6,3,8,9,4,9
321,16,6,2550,393194,94,194,41,989,907,424,589,0,9,4,1,9,4,0,4,1,9,8,9,9,0,7,4,2,4,5,8,9
322,1,6,2550,836393,93,393,5,739,242,523,433,0,9,3,3,9,3,0,0,5,7,3,9,2,4,2,5,2,3,4,3,3
323,16,5,2550,232897,97,897,25,924,858,751,585,0,9,7,8,9,7,0,2,5,9,2,4,8,5,8,7,5,1,5,8,5
324,2,5,2550,430374,74,374,81,553,442,881,729,0,7,4,3,7,4,0,8,1,5,5,3,4,4,2,8,8,1,7,2,9
325,16,4,2550,405105,5,105,63,13,987,866,522,0,0,5,1,0,5,0,6,3,0,1,3,9,8,7,8,6,6,5,2,2
326,1,4,2550,622780,80,780,93,677,794,814,22,0,8,0,7,8,0,0,9,3,6,7,7,7,9,4,8,1,4,0,2,2
327,16,3,2550,876763,63,763,85,191,1,906,350,0,6,3,7,6,3,0,8,5,1,9,1,0,0,1,9,0,6,3,5,0
328,1,3,2550,742425,25,425,61,949,294,942,801,0,2,5,4,2,5,0,6,1,9,4,9,2,9,4,9,4,2,8,0,1
329,16,2,2550,277859,59,859,95,625,607,979,384,0,5,9,8,5,9,0,9,5,6,2,5,6,0,7,9,7,9,3,8,4
330,1,2,2550,769925,25,925,56,893,239,287,865,0,2,5,9,2,5,0,5,6,8,9,3,2,3,9,2,8,7,8,6,5
331,16,1,2550,838739,39,739,55,293,263,845,803,0,3,9,7,3,9,0,5,5,2,9,3,2,6,3,8,4,5,8,0,3
332,30,12,2549,778584,84,584,7,811,403,164,971,0,8,4,5,8,4,0,0,7,8,1,1,4,0,3,1,6,4,9,7,1
333,16,12,2549,147977,77,977,45,439,694,647,197,0,7,7,9,7,7,0,4,5,4,3,9,6,9,4,6,4,7,1,9,7
334,1,12,2549,270052,52,52,12,621,462,91,236,0,5,2,0,5,2,0,1,2,6,2,1,4,6,2,0,9,1,2,3,6
335,16,11,2549,562856,56,856,94,508,307,680,347,0,5,6,8,5,6,0,9,4,5,0,8,3,0,7,6,8,0,3,4,7
336,1,11,2549,910957,57,957,29,647,739,137,905,0,5,7,9,5,7,0,2,9,6,4,7,7,3,9,1,3,7,9,0,5
337,16,10,2549,264825,25,825,58,903,92,358,832,0,2,5,8,2,5,0,5,8,9,0,3,0,9,2,3,5,8,8,3,2
338,1,10,2549,952335,35,335,92,7,804,879,951,0,3,5,3,3,5,0,9,2,0,0,7,8,0,4,8,7,9,9,5,1
339,16,9,2549,217948,48,948,41,916,290,864,121,0,4,8,9,4,8,0,4,1,9,1,6,2,9,0,8,6,4,1,2,1
340,1,9,2549,381761,61,761,44,600,693,93,626,0,6,1,7,6,1,0,4,4,6,0,0,6,9,3,0,9,3,6,2,6
341,16,8,2549,977486,86,486,91,221,305,230,103,0,8,6,4,8,6,0,9,1,2,2,1,3,0,5,2,3,0,1,0,3
342,1,8,2549,238654,54,654,88,847,5,817,487,0,5,4,6,5,4,0,8,8,8,4,7,0,0,5,8,1,7,4,8,7
343,16,7,2549,512434,34,434,48,989,98,518,432,0,3,4,4,3,4,0,4,8,9,8,9,0,9,8,5,1,8,4,3,2
344,1,7,2549,952890,90,890,65,126,183,17,839,0,9,0,8,9,0,0,6,5,1,2,6,1,8,3,0,1,7,8,3,9
345,16,6,2549,100935,35,935,17,381,410,595,250,0,3,5,9,3,5,0,1,7,3,8,1,4,1,0,5,9,5,2,5,0
346,1,6,2549,810850,50,850,99,526,149,382,664,0,5,0,8,5,0,0,9,9,5,2,6,1,4,9,3,8,2,6,6,4
347,16,5,2549,100344,44,344,71,386,463,811,696,0,4,4,3,4,4,0,7,1,3,8,6,4,6,3,8,1,1,6,9,6
348,2,5,2549,24554,54,554,27,6,438,82,117,0,5,4,5,5,4,0,2,7,0,0,6,4,3,8,0,8,2,1,1,7
349,16,4,2549,38564,64,564,49,210,442,769,877,0,6,4,5,6,4,0,4,9,2,1,0,4,4,2,7,6,9,8,7,7
350,1,4,2549,738365,65,365,95,64,955,301,522,0,6,5,3,6,5,0,9,5,0,6,4,9,5,5,3,0,1,5,2,2
351,16,3,2549,936177,77,177,30,486,185,205,320,0,7,7,1,7,7,0,3,0,4,8,6,1,8,5,2,0,5,3,2,0
352,1,3,2549,582473,73,473,43,586,801,108,914,0,7,3,4,7,3,0,4,3,5,8,6,8,0,1,1,0,8,9,1,4
353,16,2,2549,317009,9,9,66,784,240,135,280,0,0,9,0,0,9,0,6,6,7,8,4,2,4,0,1,3,5,2,8,0
354,1,2,2549,412729,29,729,87,915,720,149,384,0,2,9,7,2,9,0,8,7,9,1,5,7,2,0,1,4,9,3,8,4
355,16,1,2549,432747,47,747,79,222,789,965,200,0,4,7,7,4,7,0,7,9,2,2,2,7,8,9,9,6,5,2,0,0
356,30,12,2548,492955,55,955,94,66,308,742,150,0,5,5,9,5,5,0,9,4,0,6,6,3,0,8,7,4,2,1,5,0
357,16,12,2548,449565,65,565,86,802,162,958,994,0,6,5,5,6,5,0,8,6,8,0,2,1,6,2,9,5,8,9,9,4
358,1,12,2548,388551,51,551,17,72,764,27,770,0,5,1,5,5,1,0,1,7,0,7,2,7,6,4,0,2,7,7,7,0
359,16,11,2548,742518,18,518,80,502,741,887,137,0,1,8,5,1,8,0,8,0,5,0,2,7,4,1,8,8,7,1,3,7
360,1,11,2548,970577,77,577,98,171,375,9,216,0,7,7,5,7,7,0,9,8,1,7,1,3,7,5,0,0,9,2,1,6
361,16,10,2548,41072,72,72,71,346,913,410,269,0,7,2,0,7,2,0,7,1,3,4,6,9,1,3,4,1,0,2,6,9
362,1,10,2548,766482,82,482,24,766,551,792,275,0,8,2,4,8,2,0,2,4,7,6,6,5,5,1,7,9,2,2,7,5
363,16,9,2548,214768,68,768,10,498,282,124,57,0,6,8,7,6,8,0,1,0,4,9,8,2,8,2,1,2,4,0,5,7
364,1,9,2548,316933,33,933,17,123,338,969,47,0,3,3,9,3,3,0,1,7,1,2,3,3,3,8,9,6,9,0,4,7
365,16,8,2548,475560,60,560,68,272,844,103,915,0,6,0,5,6,0,0,6,8,2,7,2,8,4,4,1,0,3,9,1,5
366,1,8,2548,961633,33,633,26,55,152,386,272,0,3,3,6,3,3,0,2,6,0,5,5,1,5,2,3,8,6,2,7,2
367,16,7,2548,477452,52,452,13,757,150,460,642,0,5,2,4,5,2,0,1,3,7,5,7,1,5,0,4,6,0,6,4,2
368,1,7,2548,9554,54,554,87,798,427,641,244,0,5,4,5,5,4,0,8,7,7,9,8,4,2,7,6,4,1,2,4,4
369,16,6,2548,793070,70,70,44,806,21,74,605,0,7,0,0,7,0,0,4,4,8,0,6,0,2,1,0,7,4,6,0,5
370,1,6,2548,176893,93,893,35,176,579,616,405,0,9,3,8,9,3,0,3,5,1,7,6,5,7,9,6,1,6,4,0,5
371,16,5,2548,867134,34,134,97,376,648,465,693,0,3,4,1,3,4,0,9,7,3,7,6,6,4,8,4,6,5,6,9,3
372,2,5,2548,772467,67,467,43,17,383,815,73,0,6,7,4,6,7,0,4,3,0,1,7,3,8,3,8,1,5,0,7,3
373,16,4,2548,119327,27,327,10,81,968,346,627,0,2,7,3,2,7,0,1,0,0,8,1,9,6,8,3,4,6,6,2,7
374,1,4,2548,815753,53,753,69,482,381,224,807,0,5,3,7,5,3,0,6,9,4,8,2,3,8,1,2,2,4,8,0,7
375,16,3,2548,196345,45,345,3,73,601,783,394,0,4,5,3,4,5,0,0,3,0,7,3,6,0,1,7,8,3,3,9,4
376,1,3,2548,800751,51,751,93,681,714,998,669,0,5,1,7,5,1,0,9,3,6,8,1,7,1,4,9,9,8,6,6,9
377,16,2,2548,816422,22,422,53,86,356,192,65,0,2,2,4,2,2,0,5,3,0,8,6,3,5,6,1,9,2,0,6,5
378,1,2,2548,540054,54,54,34,389,180,863,571,0,5,4,0,5,4,0,3,4,3,8,9,1,8,0,8,6,3,5,7,1
379,16,1,2548,335022,22,22,8,689,291,39,479,0,2,2,0,2,2,0,0,8,6,8,9,2,9,1,0,3,9,4,7,9
380,30,12,2547,168858,58,858,28,221,603,627,179,0,5,8,8,5,8,0,2,8,2,2,1,6,0,3,6,2,7,1,7,9
381,16,12,2547,479372,72,372,17,288,75,999,183,0,7,2,3,7,2,0,1,7,2,8,8,0,7,5,9,9,9,1,8,3
382,1,12,2547,504658,58,658,69,139,14,984,691,0,5,8,6,5,8,0,6,9,1,3,9,0,1,4,9,8,4,6,9,1
383,16,11,2547,754622,22,622,64,918,19,744,904,0,2,2,6,2,2,0,6,4,9,1,8,0,1,9,7,4,4,9,0,4
384,1,11,2547,185966,66,966,23,862,137,745,661,0,6,6,9,6,6,0,2,3,8,6,2,1,3,7,7,4,5,6,6,1
385,16,10,2547,355858,58,858,62,162,200,438,890,0,5,8,8,5,8,0,6,2,1,6,2,2,0,0,4,3,8,8,9,0
386,1,10,2547,110866,66,866,66,200,547,781,806,0,6,6,8,6,6,0,6,6,2,0,0,5,4,7,7,8,1,8,0,6
387,16,9,2547,923373,73,373,59,295,888,774,867,0,7,3,3,7,3,0,5,9,2,9,5,8,8,8,7,7,4,8,6,7
388,1,9,2547,96597,97,597,70,709,929,14,456,0,9,7,5,9,7,0,7,0,7,0,9,9,2,9,0,1,4,4,5,6
389,16,8,2547,335921,21,921,59,114,82,559,288,0,2,1,9,2,1,0,5,9,1,1,4,0,8,2,5,5,9,2,8,8
390,2,8,2547,868990,90,990,45,956,811,510,377,0,9,0,9,9,0,0,4,5,9,5,6,8,1,1,5,1,0,3,7,7
391,16,7,2547,205588,88,588,25,696,726,461,154,0,8,8,5,8,8,0,2,5,6,9,6,7,2,6,4,6,1,1,5,4
392,1,7,2547,312471,71,471,66,313,598,664,261,0,7,1,4,7,1,0,6,6,3,1,3,5,9,8,6,6,4,2,6,1
393,16,6,2547,208713,13,713,87,414,911,459,986,0,1,3,7,1,3,0,8,7,4,1,4,9,1,1,4,5,9,9,8,6
394,1,6,2547,614144,44,144,72,990,776,425,992,0,4,4,1,4,4,0,7,2,9,9,0,7,7,6,4,2,5,9,9,2
395,16,5,2547,589207,7,207,13,492,992,526,253,0,0,7,2,0,7,0,1,3,4,9,2,9,9,2,5,2,6,2,5,3
396,2,5,2547,653403,3,403,91,385,550,822,101,0,0,3,4,0,3,0,9,1,3,8,5,5,5,0,8,2,2,1,0,1
397,16,4,2547,705832,32,832,12,8,966,634,721,0,3,2,8,3,2,0,1,2,0,0,8,9,6,6,6,3,4,7,2,1
398,1,4,2547,196391,91,391,62,808,918,257,851,0,9,1,3,9,1,0,6,2,8,0,8,9,1,8,2,5,7,8,5,1
399,16,3,2547,615366,66,366,69,779,94,478,830,0,6,6,3,6,6,0,6,9,7,7,9,0,9,4,4,7,8,8,3,0
400,1,3,2547,697483,83,483,50,610,510,759,206,0,8,3,4,8,3,0,5,0,6,1,0,5,1,0,7,5,9,2,0,6
401,16,2,2547,698002,2,2,0,877,309,798,72,0,0,2,0,0,2,0,0,0,8,7,7,3,0,9,7,9,8,0,7,2
402,1,2,2547,216822,22,822,77,361,242,769,765,0,2,2,8,2,2,0,7,7,3,6,1,2,4,2,7,6,9,7,6,5
403,16,1,2547,731342,42,342,96,25,357,926,391,0,4,2,3,4,2,0,9,6,0,2,5,3,5,7,9,2,6,3,9,1
404,30,12,2546,739447,47,447,64,654,435,743,216,0,4,7,4,4,7,0,6,4,6,5,4,4,3,5,7,4,3,2,1,6
405,16,12,2546,177947,47,947,87,676,847,735,571,0,4,7,9,4,7,0,8,7,6,7,6,8,4,7,7,3,5,5,7,1
406,1,12,2546,991307,7,307,78,945,719,559,217,0,0,7,3,0,7,0,7,8,9,4,5,7,1,9,5,5,9,2,1,7
407,16,11,2546,238511,11,511,68,155,767,594,474,0,1,1,5,1,1,0,6,8,1,5,5,7,6,7,5,9,4,4,7,4
408,1,11,2546,941438,38,438,47,866,156,216,264,0,3,8,4,3,8,0,4,7,8,6,6,1,5,6,2,1,6,2,6,4
409,16,10,2546,305500,0,500,3,109,12,84,470,0,0,0,5,0,0,0,0,3,1,0,9,0,1,2,0,8,4,4,7,0
410,1,10,2546,912040,40,40,43,407,100,379,563,0,4,0,0,4,0,0,4,3,4,0,7,1,0,0,3,7,9,5,6,3
411,16,9,2546,600589,89,589,53,909,356,996,494,0,8,9,5,8,9,0,5,3,9,0,9,3,5,6,9,9,6,4,9,4
412,1,9,2546,187813,13,813,92,661,918,793,249,0,1,3,8,1,3,0,9,2,6,6,1,9,1,8,7,9,3,2,4,9
413,16,8,2546,354771,71,771,0,496,271,206,624,0,7,1,7,7,1,0,0,0,4,9,6,2,7,1,2,0,6,6,2,4
414,1,8,2546,766098,98,98,91,733,856,7,460,0,9,8,0,9,8,0,9,1,7,3,3,8,5,6,0,0,7,4,6,0
415,16,7,2546,679545,45,545,75,49,589,281,363,0,4,5,5,4,5,0,7,5,0,4,9,5,8,9,2,8,1,3,6,3
416,1,7,2546,461414,14,414,91,151,878,395,282,0,1,4,4,1,4,0,9,1,1,5,1,8,7,8,3,9,5,2,8,2
417,16,6,2546,389872,72,872,29,605,995,922,6,0,7,2,8,7,2,0,2,9,6,0,5,9,9,5,9,2,2,0,0,6
418,1,6,2546,766066,66,66,36,83,523,354,686,0,6,6,0,6,6,0,3,6,0,8,3,5,2,3,3,5,4,6,8,6
419,16,5,2546,552784,84,784,20,608,48,699,362,0,8,4,7,8,4,0,2,0,6,0,8,0,4,8,6,9,9,3,6,2
420,2,5,2546,135603,3,603,12,498,870,386,522,0,0,3,6,0,3,0,1,2,4,9,8,8,7,0,3,8,6,5,2,2
421,16,4,2546,892525,25,525,21,933,906,796,823,0,2,5,5,2,5,0,2,1,9,3,3,9,0,6,7,9,6,8,2,3
422,1,4,2546,933164,64,164,86,467,863,732,902,0,6,4,1,6,4,0,8,6,4,6,7,8,6,3,7,3,2,9,0,2
423,16,3,2546,653062,62,62,64,820,208,702,38,0,6,2,0,6,2,0,6,4,8,2,0,2,0,8,7,0,2,0,3,8
424,1,3,2546,441022,22,22,42,322,26,707,628,0,2,2,0,2,2,0,4,2,3,2,2,0,2,6,7,0,7,6,2,8
425,17,2,2546,455578,78,578,61,805,496,980,857,0,7,8,5,7,8,0,6,1,8,0,5,4,9,6,9,8,0,8,5,7
426,1,2,2546,456370,70,370,94,661,429,806,229,0,7,0,3,7,0,0,9,4,6,6,1,4,2,9,8,0,6,2,2,9
427,16,1,2546,977085,85,85,6,441,535,519,262,0,8,5,0,8,5,0,0,6,4,4,1,5,3,5,5,1,9,2,6,2
428,30,12,2545,895196,96,196,95,191,116,689,609,0,9,6,1,9,6,0,9,5,1,9,1,1,1,6,6,8,9,6,0,9
429,16,12,2545,19682,82,682,67,616,312,75,849,0,8,2,6,8,2,0,6,7,6,1,6,3,1,2,0,7,5,8,4,9
430,1,12,2545,968422,22,422,37,298,88,337,809,0,2,2,4,2,2,0,3,7,2,9,8,0,8,8,3,3,7,8,0,9
431,16,11,2545,915344,44,344,55,191,843,789,906,0,4,4,3,4,4,0,5,5,1,9,1,8,4,3,7,8,9,9,0,6
432,1,11,2545,505498,98,498,25,341,297,747,383,0,9,8,4,9,8,0,2,5,3,4,1,2,9,7,7,4,7,3,8,3
433,16,10,2545,428641,41,641,51,150,401,244,177,0,4,1,6,4,1,0,5,1,1,5,0,4,0,1,2,4,4,1,7,7
434,1,10,2545,802505,5,505,72,864,567,358,189,0,0,5,5,0,5,0,7,2,8,6,4,5,6,7,3,5,8,1,8,9
435,16,9,2545,156050,50,50,85,56,889,823,169,0,5,0,0,5,0,0,8,5,0,5,6,8,8,9,8,2,3,1,6,9
436,1,9,2545,994200,0,200,51,126,799,46,395,0,0,0,2,0,0,0,5,1,1,2,6,7,9,9,0,4,6,3,9,5
437,16,8,2545,120108,8,108,57,705,173,953,147,0,0,8,1,0,8,0,5,7,7,0,5,1,7,3,9,5,3,1,4,7
438,1,8,2545,493438,38,438,88,269,645,544,529,0,3,8,4,3,8,0,8,8,2,6,9,6,4,5,5,4,4,5,2,9
439,16,7,2545,340264,64,264,69,304,632,539,34,0,6,4,2,6,4,0,6,9,3,0,4,6,3,2,5,3,9,0,3,4
440,1,7,2545,481447,47,447,24,195,517,763,802,0,4,7,4,4,7,0,2,4,1,9,5,5,1,7,7,6,3,8,0,2
441,16,6,2545,73261,61,261,7,472,156,662,845,0,6,1,2,6,1,0,0,7,4,7,2,1,5,6,6,6,2,8,4,5
442,1,6,2545,161149,49,149,2,879,643,328,485,0,4,9,1,4,9,0,0,2,8,7,9,6,4,3,3,2,8,4,8,5
443,16,5,2545,598714,14,714,76,765,725,394,508,0,1,4,7,1,4,0,7,6,7,6,5,7,2,5,3,9,4,5,0,8
444,2,5,2545,590664,64,664,56,764,739,695,503,0,6,4,6,6,4,0,5,6,7,6,4,7,3,9,6,9,5,5,0,3
445,16,4,2545,522630,30,630,37,586,949,997,85,0,3,0,6,3,0,0,3,7,5,8,6,9,4,9,9,9,7,0,8,5
446,1,4,2545,990543,43,543,57,971,430,225,456,0,4,3,5,4,3,0,5,7,9,7,1,4,3,0,2,2,5,4,5,6
447,16,3,2545,659152,52,152,4,370,66,707,943,0,5,2,1,5,2,0,0,4,3,7,0,0,6,6,7,0,7,9,4,3
448,1,3,2545,805590,90,590,55,748,715,434,856,0,9,0,5,9,0,0,5,5,7,4,8,7,1,5,4,3,4,8,5,6
449,16,2,2545,330853,53,853,92,167,820,88,769,0,5,3,8,5,3,0,9,2,1,6,7,8,2,0,0,8,8,7,6,9
450,1,2,2545,633270,70,270,40,956,414,621,859,0,7,0,2,7,0,0,4,0,9,5,6,4,1,4,6,2,1,8,5,9
451,16,1,2545,709670,70,670,14,895,116,434,109,0,7,0,6,7,0,0,1,4,8,9,5,1,1,6,4,3,4,1,0,9
452,30,12,2544,729367,67,367,64,873,974,611,107,0,6,7,3,6,7,0,6,4,8,7,3,9,7,4,6,1,1,1,0,7
453,16,12,2544,224675,75,675,19,887,538,363,902,0,7,5,6,7,5,0,1,9,8,8,7,5,3,8,3,6,3,9,0,2
454,1,12,2544,737022,22,22,49,713,461,773,925,0,2,2,0,2,2,0,4,9,7,1,3,4,6,1,7,7,3,9,2,5
455,16,11,2544,685706,6,706,74,339,976,600,275,0,0,6,7,0,6,0,7,4,3,3,9,9,7,6,6,0,0,2,7,5
456,1,11,2544,683472,72,472,52,392,81,694,431,0,7,2,4,7,2,0,5,2,3,9,2,0,8,1,6,9,4,4,3,1
457,16,10,2544,975005,5,5,48,70,626,110,670,0,0,5,0,0,5,0,4,8,0,7,0,6,2,6,1,1,0,6,7,0
458,1,10,2544,104154,54,154,15,827,303,287,58,0,5,4,1,5,4,0,1,5,8,2,7,3,0,3,2,8,7,0,5,8
459,16,9,2544,616426,26,426,82,995,806,291,89,0,2,6,4,2,6,0,8,2,9,9,5,8,0,6,2,9,1,0,8,9
460,1,9,2544,119067,67,67,14,145,294,218,532,0,6,7,0,6,7,0,1,4,1,4,5,2,9,4,2,1,8,5,3,2
461,16,8,2544,690135,35,135,10,217,717,900,588,0,3,5,1,3,5,0,1,0,2,1,7,7,1,7,9,0,0,5,8,8
462,1,8,2544,180597,97,597,11,602,86,864,848,0,9,7,5,9,7,0,1,1,6,0,2,0,8,6,8,6,4,8,4,8
463,16,7,2544,820715,15,715,50,250,171,282,767,0,1,5,7,1,5,0,5,0,2,5,0,1,7,1,2,8,2,7,6,7
464,1,7,2544,107987,87,987,34,364,296,985,546,0,8,7,9,8,7,0,3,4,3,6,4,2,9,6,9,8,5,5,4,6
465,16,6,2544,762394,94,394,75,550,395,606,922,0,9,4,3,9,4,0,7,5,5,5,0,3,9,5,6,0,6,9,2,2
466,1,6,2544,113311,11,311,80,490,983,310,920,0,1,1,3,1,1,0,8,0,4,9,0,9,8,3,3,1,0,9,2,0
467,16,5,2544,91982,82,982,61,437,507,55,80,0,8,2,9,8,2,0,6,1,4,3,7,5,0,7,0,5,5,0,8,0
468,2,5,2544,205095,95,95,64,980,543,294,99,0,9,5,0,9,5,0,6,4,9,8,0,5,4,3,2,9,4,0,9,9
469,16,4,2544,140843,43,843,28,31,952,800,378,0,4,3,8,4,3,0,2,8,0,3,1,9,5,2,8,0,0,3,7,8
470,1,4,2544,640998,98,998,49,600,61,407,877,0,9,8,9,9,8,0,4,9,6,0,0,0,6,1,4,0,7,8,7,7
471,16,3,2544,633616,16,616,45,400,773,903,350,0,1,6,6,1,6,0,4,5,4,0,0,7,7,3,9,0,3,3,5,0
472,1,3,2544,836537,37,537,85,356,147,292,380,0,3,7,5,3,7,0,8,5,3,5,6,1,4,7,2,9,2,3,8,0
473,16,2,2544,621267,67,267,47,155,275,673,305,0,6,7,2,6,7,0,4,7,1,5,5,2,7,5,6,7,3,3,0,5
474,1,2,2544,454703,3,703,13,89,437,245,63,0,0,3,7,0,3,0,1,3,0,8,9,4,3,7,2,4,5,0,6,3
475,16,1,2544,737016,16,16,36,358,515,778,35,0,1,6,0,1,6,0,3,6,3,5,8,5,1,5,7,7,8,0,3,5
476,30,12,2543,119451,51,451,31,600,763,985,357,0,5,1,4,5,1,0,3,1,6,0,0,7,6,3,9,8,5,3,5,7
477,16,12,2543,969676,76,676,91,555,267,313,605,0,7,6,6,7,6,0,9,1,5,5,5,2,6,7,3,1,3,6,0,5
478,1,12,2543,887956,56,956,56,454,664,170,933,0,5,6,9,5,6,0,5,6,4,5,4,6,6,4,1,7,0,9,3,3
479,16,11,2543,565311,11,311,10,494,381,44,304,0,1,1,3,1,1,0,1,0,4,9,4,3,8,1,0,4,4,3,0,4
480,1,11,2543,93182,82,182,90,46,606,818,407,0,8,2,1,8,2,0,9,0,0,4,6,6,0,6,8,1,8,4,0,7
481,16,10,2543,620662,62,662,39,276,607,133,372,0,6,2,6,6,2,0,3,9,2,7,6,6,0,7,1,3,3,3,7,2
482,1,10,2543,290582,82,582,26,690,436,618,70,0,8,2,5,8,2,0,2,6,6,9,0,4,3,6,6,1,8,0,7,0
483,16,9,2543,46251,51,251,5,933,806,860,230,0,5,1,2,5,1,0,0,5,9,3,3,8,0,6,8,6,0,2,3,0
484,1,9,2543,437367,67,367,52,952,290,365,474,0,6,7,3,6,7,0,5,2,9,5,2,2,9,0,3,6,5,4,7,4
485,16,8,2543,459013,13,13,57,87,378,155,120,0,1,3,0,1,3,0,5,7,0,8,7,3,7,8,1,5,5,1,2,0
486,1,8,2543,267540,40,540,18,881,930,665,463,0,4,0,5,4,0,0,1,8,8,8,1,9,3,0,6,6,5,4,6,3
487,16,7,2543,931342,42,342,43,397,237,739,656,0,4,2,3,4,2,0,4,3,3,9,7,2,3,7,7,3,9,6,5,6
488,1,7,2543,674071,71,71,29,946,761,689,190,0,7,1,0,7,1,0,2,9,9,4,6,7,6,1,6,8,9,1,9,0
489,16,6,2543,825696,96,696,57,592,832,311,771,0,9,6,6,9,6,0,5,7,5,9,2,8,3,2,3,1,1,7,7,1
490,1,6,2543,592761,61,761,16,716,705,981,810,0,6,1,7,6,1,0,1,6,7,1,6,7,0,5,9,8,1,8,1,0
491,16,5,2543,9315,15,315,56,226,35,929,174,0,1,5,3,1,5,0,5,6,2,2,6,0,3,5,9,2,9,1,7,4
492,2,5,2543,70715,15,715,20,422,287,979,740,0,1,5,7,1,5,0,2,0,4,2,2,2,8,7,9,7,9,7,4,0
493,16,4,2543,836777,77,777,63,950,273,131,362,0,7,7,7,7,7,0,6,3,9,5,0,2,7,3,1,3,1,3,6,2
494,1,4,2543,963948,48,948,99,477,535,511,18,0,4,8,9,4,8,0,9,9,4,7,7,5,3,5,5,1,1,0,1,8
495,16,3,2543,164311,11,311,65,9,460,71,326,0,1,1,3,1,1,0,6,5,0,0,9,4,6,0,0,7,1,3,2,6
496,1,3,2543,997833,33,833,63,817,250,627,416,0,3,3,8,3,3,0,6,3,8,1,7,2,5,0,6,2,7,4,1,6
497,16,2,2543,729816,16,816,91,631,916,618,181,0,1,6,8,1,6,0,9,1,6,3,1,9,1,6,6,1,8,1,8,1
498,1,2,2543,530213,13,213,85,109,926,94,597,0,1,3,2,1,3,0,8,5,1,0,9,9,2,6,0,9,4,5,9,7
499,16,1,2543,442183,83,183,82,540,950,269,847,0,8,3,1,8,3,0,8,2,5,4,0,9,5,0,2,6,9,8,4,7
500,30,12,2542,51108,8,108,3,61,263,540,301,0,0,8,1,0,8,0,0,3,0,6,1,2,6,3,5,4,0,3,0,1
501,16,12,2542,139853,53,853,30,131,688,143,656,0,5,3,8,5,3,0,3,0,1,3,1,6,8,8,1,4,3,6,5,6
502,1,12,2542,669281,81,281,79,952,896,999,999,0,8,1,2,8,1,0,7,9,9,5,2,8,9,6,9,9,9,9,9,9
503,16,11,2542,764354,54,354,14,978,723,324,293,0,5,4,3,5,4,0,1,4,9,7,8,7,2,3,3,2,4,2,9,3
504,1,11,2542,561335,35,335,3,655,882,570,141,0,3,5,3,3,5,0,0,3,6,5,5,8,8,2,5,7,0,1,4,1
505,16,10,2542,410227,27,227,28,468,304,750,467,0,2,7,2,2,7,0,2,8,4,6,8,3,0,4,7,5,0,4,6,7
506,1,10,2542,830676,76,676,80,287,215,167,234,0,7,6,6,7,6,0,8,0,2,8,7,2,1,5,1,6,7,2,3,4
507,16,9,2542,807506,6,506,46,593,268,283,734,0,0,6,5,0,6,0,4,6,5,9,3,2,6,8,2,8,3,7,3,4
508,1,9,2542,591344,44,344,33,261,237,275,861,0,4,4,3,4,4,0,3,3,2,6,1,2,3,7,2,7,5,8,6,1
509,16,8,2542,340998,98,998,65,696,333,371,111,0,9,8,9,9,8,0,6,5,6,9,6,3,3,3,3,7,1,1,1,1
510,1,8,2542,56860,60,860,98,688,64,303,994,0,6,0,8,6,0,0,9,8,6,8,8,0,6,4,3,0,3,9,9,4
511,16,7,2542,70416,16,416,3,138,349,343,4,0,1,6,4,1,6,0,0,3,1,3,8,3,4,9,3,4,3,0,0,4
512,1,7,2542,386441,41,441,67,152,987,1,211,0,4,1,4,4,1,0,6,7,1,5,2,9,8,7,0,0,1,2,1,1
513,16,6,2542,278794,94,794,63,917,422,859,742,0,9,4,7,9,4,0,6,3,9,1,7,4,2,2,8,5,9,7,4,2
514,1,6,2542,77626,26,626,8,606,177,951,340,0,2,6,6,2,6,0,0,8,6,0,6,1,7,7,9,5,1,3,4,0
515,16,5,2542,618818,18,818,16,843,74,884,870,0,1,8,8,1,8,0,1,6,8,4,3,0,7,4,8,8,4,8,7,0
516,2,5,2542,691483,83,483,45,686,3,715,184,0,8,3,4,8,3,0,4,5,6,8,6,0,0,3,7,1,5,1,8,4
517,16,4,2542,625094,94,94,35,394,432,67,859,0,9,4,0,9,4,0,3,5,3,9,4,4,3,2,0,6,7,8,5,9
518,1,4,2542,479957,57,957,92,713,471,858,670,0,5,7,9,5,7,0,9,2,7,1,3,4,7,1,8,5,8,6,7,0
519,16,3,2542,577278,78,278,63,89,418,606,415,0,7,8,2,7,8,0,6,3,0,8,9,4,1,8,6,0,6,4,1,5
520,2,3,2542,660214,14,214,58,645,612,927,479,0,1,4,2,1,4,0,5,8,6,4,5,6,1,2,9,2,7,4,7,9
521,16,2,2542,307213,13,213,41,456,91,404,782,0,1,3,2,1,3,0,4,1,4,5,6,0,9,1,4,0,4,7,8,2
522,1,2,2542,342860,60,860,69,361,48,735,752,0,6,0,8,6,0,0,6,9,3,6,1,0,4,8,7,3,5,7,5,2
523,16,1,2542,190611,11,611,13,186,543,854,976,0,1,1,6,1,1,0,1,3,1,8,6,5,4,3,8,5,4,9,7,6
524,30,12,2541,464147,47,147,50,778,94,924,983,0,4,7,1,4,7,0,5,0,7,7,8,0,9,4,9,2,4,9,8,3
525,16,12,2541,181813,13,813,55,306,175,498,560,0,1,3,8,1,3,0,5,5,3,0,6,1,7,5,4,9,8,5,6,0
526,1,12,2541,836569,69,569,58,115,75,944,200,0,6,9,5,6,9,0,5,8,1,1,5,0,7,5,9,4,4,2,0,0
527,16,11,2541,270744,44,744,20,480,763,785,794,0,4,4,7,4,4,0,2,0,4,8,0,7,6,3,7,8,5,7,9,4
528,1,11,2541,920846,46,846,29,81,316,44,289,0,4,6,8,4,6,0,2,9,0,8,1,3,1,6,0,4,4,2,8,9
529,16,10,2541,261080,80,80,74,461,935,755,695,0,8,0,0,8,0,0,7,4,4,6,1,9,3,5,7,5,5,6,9,5
530,1,10,2541,987844,44,844,18,806,286,728,470,0,4,4,8,4,4,0,1,8,8,0,6,2,8,6,7,2,8,4,7,0
531,16,9,2541,65720,20,720,65,782,584,401,311,0,2,0,7,2,0,0,6,5,7,8,2,5,8,4,4,0,1,3,1,1
532,1,9,2541,872795,95,795,96,316,42,551,60,0,9,5,7,9,5,0,9,6,3,1,6,0,4,2,5,5,1,0,6,0
533,16,8,2541,81784,84,784,91,724,464,644,677,0,8,4,7,8,4,0,9,1,7,2,4,4,6,4,6,4,4,6,7,7
534,1,8,2541,748493,93,493,22,15,1,771,862,0,9,3,4,9,3,0,2,2,0,1,5,0,0,1,7,7,1,8,6,2
535,16,7,2541,599991,91,991,52,12,401,904,935,0,9,1,9,9,1,0,5,2,0,1,2,4,0,1,9,0,4,9,3,5
536,1,7,2541,595123,23,123,65,76,101,606,314,0,2,3,1,2,3,0,6,5,0,7,6,1,0,1,6,0,6,3,1,4
537,16,6,2541,858076,76,76,19,235,316,219,533,0,7,6,0,7,6,0,1,9,2,3,5,3,1,6,2,1,9,5,3,3
538,1,6,2541,820088,88,88,67,14,649,781,530,0,8,8,0,8,8,0,6,7,0,1,4,6,4,9,7,8,1,5,3,0
539,16,5,2541,840043,43,43,63,984,258,981,950,0,4,3,0,4,3,0,6,3,9,8,4,2,5,8,9,8,1,9,5,0
540,2,5,2541,663807,7,807,72,802,946,143,325,0,0,7,8,0,7,0,7,2,8,0,2,9,4,6,1,4,3,3,2,5
541,16,4,2541,146573,73,573,17,202,153,705,664,0,7,3,5,7,3,0,1,7,2,0,2,1,5,3,7,0,5,6,6,4
542,1,4,2541,496930,30,930,66,454,563,882,786,0,3,0,9,3,0,0,6,6,4,5,4,5,6,3,8,8,2,7,8,6
543,16,3,2541,572701,1,701,79,260,852,943,506,0,0,1,7,0,1,0,7,9,2,6,0,8,5,2,9,4,3,5,0,6
544,1,3,2541,236864,64,864,74,867,285,127,562,0,6,4,8,6,4,0,7,4,8,6,7,2,8,5,1,2,7,5,6,2
545,16,2,2541,612897,97,897,69,460,234,356,213,0,9,7,8,9,7,0,6,9,4,6,0,2,3,4,3,5,6,2,1,3
546,1,2,2541,665959,59,959,48,381,685,788,941,0,5,9,9,5,9,0,4,8,3,8,1,6,8,5,7,8,8,9,4,1
547,16,1,2541,947195,95,195,34,425,185,833,792,0,9,5,1,9,5,0,3,4,4,2,5,1,8,5,8,3,3,7,9,2
548,30,12,2540,675704,4,704,65,44,327,977,788,0,0,4,7,0,4,0,6,5,0,4,4,3,2,7,9,7,7,7,8,8
549,16,12,2540,294240,40,240,71,975,762,142,408,0,4,0,2,4,0,0,7,1,9,7,5,7,6,2,1,4,2,4,0,8
550,1,12,2540,241559,59,559,86,392,982,677,168,0,5,9,5,5,9,0,8,6,3,9,2,9,8,2,6,7,7,1,6,8
551,16,11,2540,875462,62,462,99,539,573,730,38,0,6,2,4,6,2,0,9,9,5,3,9,5,7,3,7,3,0,0,3,8
552,1,11,2540,974201,1,201,39,830,877,283,64,0,0,1,2,0,1,0,3,9,8,3,0,8,7,7,2,8,3,0,6,4
553,16,10,2540,405124,24,124,98,280,356,459,125,0,2,4,1,2,4,0,9,8,2,8,0,3,5,6,4,5,9,1,2,5
554,1,10,2540,444413,13,413,24,808,689,746,698,0,1,3,4,1,3,0,2,4,8,0,8,6,8,9,7,4,6,6,9,8
555,16,9,2540,527514,14,514,98,251,335,687,935,0,1,4,5,1,4,0,9,8,2,5,1,3,3,5,6,8,7,9,3,5
556,1,9,2540,83537,37,537,59,132,319,658,716,0,3,7,5,3,7,0,5,9,1,3,2,3,1,9,6,5,8,7,1,6
557,16,8,2540,156967,67,967,30,235,957,596,569,0,6,7,9,6,7,0,3,0,2,3,5,9,5,7,5,9,6,5,6,9
558,1,8,2540,54272,72,272,31,797,145,414,440,0,7,2,2,7,2,0,3,1,7,9,7,1,4,5,4,1,4,4,4,0
559,16,7,2540,509691,91,691,67,982,623,750,944,0,9,1,6,9,1,0,6,7,9,8,2,6,2,3,7,5,0,9,4,4
560,1,7,2540,676573,73,573,11,909,620,412,92,0,7,3,5,7,3,0,1,1,9,0,9,6,2,0,4,1,2,0,9,2
561,16,6,2540,537146,46,146,61,635,769,982,504,0,4,6,1,4,6,0,6,1,6,3,5,7,6,9,9,8,2,5,0,4
562,1,6,2540,643997,97,997,24,507,918,784,60,0,9,7,9,9,7,0,2,4,5,0,7,9,1,8,7,8,4,0,6,0
563,16,5,2540,88067,67,67,52,510,621,896,769,0,6,7,0,6,7,0,5,2,5,1,0,6,2,1,8,9,6,7,6,9
564,2,5,2540,388437,37,437,38,25,656,56,728,0,3,7,4,3,7,0,3,8,0,2,5,6,5,6,0,5,6,7,2,8
565,16,4,2540,551450,50,450,92,654,165,279,85,0,5,0,4,5,0,0,9,2,6,5,4,1,6,5,2,7,9,0,8,5
566,1,4,2540,617629,29,629,52,426,162,880,15,0,2,9,6,2,9,0,5,2,4,2,6,1,6,2,8,8,0,0,1,5
567,16,3,2540,100474,74,474,36,444,822,705,214,0,7,4,4,7,4,0,3,6,4,4,4,8,2,2,7,0,5,2,1,4
568,1,3,2540,976779,79,779,98,148,414,791,364,0,7,9,7,7,9,0,9,8,1,4,8,4,1,4,7,9,1,3,6,4
569,16,2,2540,499884,84,884,94,716,247,533,315,0,8,4,8,8,4,0,9,4,7,1,6,2,4,7,5,3,3,3,1,5
570,1,2,2540,750792,92,792,57,402,771,703,79,0,9,2,7,9,2,0,5,7,4,0,2,7,7,1,7,0,3,0,7,9
571,16,1,2540,151995,95,995,47,612,257,20,381,0,9,5,9,9,5,0,4,7,6,1,2,2,5,7,0,2,0,3,8,1
572,30,12,2539,879454,54,454,26,879,314,158,584,0,5,4,4,5,4,0,2,6,8,7,9,3,1,4,1,5,8,5,8,4
573,16,12,2539,593856,56,856,44,381,755,608,438,0,5,6,8,5,6,0,4,4,3,8,1,7,5,5,6,0,8,4,3,8
574,1,12,2539,179528,28,528,66,822,365,920,566,0,2,8,5,2,8,0,6,6,8,2,2,3,6,5,9,2,0,5,6,6
575,16,11,2539,951088,88,88,21,168,349,580,577,0,8,8,0,8,8,0,2,1,1,6,8,3,4,9,5,8,0,5,7,7
576,1,11,2539,512694,94,694,24,290,432,255,964,0,9,4,6,9,4,0,2,4,2,9,0,4,3,2,2,5,5,9,6,4
577,16,10,2539,198019,19,19,18,82,270,865,824,0,1,9,0,1,9,0,1,8,0,8,2,2,7,0,8,6,5,8,2,4
578,1,10,2539,947788,88,788,97,89,166,544,484,0,8,8,7,8,8,0,9,7,0,8,9,1,6,6,5,4,4,4,8,4
579,16,9,2539,814368,68,368,59,889,818,976,400,0,6,8,3,6,8,0,5,9,8,8,9,8,1,8,9,7,6,4,0,0
580,1,9,2539,470136,36,136,2,392,666,927,501,0,3,6,1,3,6,0,0,2,3,9,2,6,6,6,9,2,7,5,0,1
581,16,8,2539,352768,68,768,19,389,932,609,875,0,6,8,7,6,8,0,1,9,3,8,9,9,3,2,6,0,9,8,7,5
582,1,8,2539,151091,91,91,61,646,650,833,669,0,9,1,0,9,1,0,6,1,6,4,6,6,5,0,8,3,3,6,6,9
583,16,7,2539,332687,87,687,91,771,547,281,10,0,8,7,6,8,7,0,9,1,7,7,1,5,4,7,2,8,1,0,1,0
584,1,7,2539,625379,79,379,76,666,298,94,543,0,7,9,3,7,9,0,7,6,6,6,6,2,9,8,0,9,4,5,4,3
585,16,6,2539,318311,11,311,21,649,118,735,916,0,1,1,3,1,1,0,2,1,6,4,9,1,1,8,7,3,5,9,1,6
586,1,6,2539,869656,56,656,81,422,126,961,584,0,5,6,6,5,6,0,8,1,4,2,2,1,2,6,9,6,1,5,8,4
587,17,5,2539,978140,40,140,75,321,443,718,523,0,4,0,1,4,0,0,7,5,3,2,1,4,4,3,7,1,8,5,2,3
588,2,5,2539,247351,51,351,54,175,234,661,978,0,5,1,3,5,1,0,5,4,1,7,5,2,3,4,6,6,1,9,7,8
589,16,4,2539,49584,84,584,77,435,222,155,52,0,8,4,5,8,4,0,7,7,4,3,5,2,2,2,1,5,5,0,5,2
590,1,4,2539,660765,65,765,90,701,338,839,278,0,6,5,7,6,5,0,9,0,7,0,1,3,3,8,8,3,9,2,7,8
591,16,3,2539,19128,28,128,27,673,796,694,526,0,2,8,1,2,8,0,2,7,6,7,3,7,9,6,6,9,4,5,2,6
592,1,3,2539,304855,55,855,72,760,664,443,945,0,5,5,8,5,5,0,7,2,7,6,0,6,6,4,4,4,3,9,4,5
593,16,2,2539,681455,55,455,49,977,664,428,779,0,5,5,4,5,5,0,4,9,9,7,7,6,6,4,4,2,8,7,7,9
594,1,2,2539,256556,56,556,26,906,705,549,994,0,5,6,5,5,6,0,2,6,9,0,6,7,0,5,5,4,9,9,9,4
595,16,1,2539,318302,2,302,21,882,444,661,971,0,0,2,3,0,2,0,2,1,8,8,2,4,4,4,6,6,1,9,7,1
596,30,12,2538,327686,86,686,4,748,456,145,928,0,8,6,6,8,6,0,0,4,7,4,8,4,5,6,1,4,5,9,2,8
597,16,12,2538,952808,8,808,68,732,540,639,64,0,0,8,8,0,8,0,6,8,7,3,2,5,4,0,6,3,9,0,6,4
598,1,12,2538,714426,26,426,74,516,427,387,73,0,2,6,4,2,6,0,7,4,5,1,6,4,2,7,3,8,7,0,7,3
599,16,11,2538,239422,22,422,85,78,883,776,756,0,2,2,4,2,2,0,8,5,0,7,8,8,8,3,7,7,6,7,5,6
600,1,11,2538,282069,69,69,7,962,564,194,393,0,6,9,0,6,9,0,0,7,9,6,2,5,6,4,1,9,4,3,9,3
601,16,10,2538,322154,54,154,86,924,192,716,233,0,5,4,1,5,4,0,8,6,9,2,4,1,9,2,7,1,6,2,3,3
602,1,10,2538,317092,92,92,76,139,819,88,296,0,9,2,0,9,2,0,7,6,1,3,9,8,1,9,0,8,8,2,9,6
603,16,9,2538,876454,54,454,51,558,297,582,802,0,5,4,4,5,4,0,5,1,5,5,8,2,9,7,5,8,2,8,0,2
604,1,9,2538,620837,37,837,83,693,872,255,644,0,3,7,8,3,7,0,8,3,6,9,3,8,7,2,2,5,5,6,4,4
605,16,8,2538,265333,33,333,51,235,455,618,342,0,3,3,3,3,3,0,5,1,2,3,5,4,5,5,6,1,8,3,4,2
606,1,8,2538,464819,19,819,59,70,274,669,293,0,1,9,8,1,9,0,5,9,0,7,0,2,7,4,6,6,9,2,9,3
607,16,7,2538,248122,22,122,96,571,85,303,758,0,2,2,1,2,2,0,9,6,5,7,1,0,8,5,3,0,3,7,5,8
608,1,7,2538,939901,1,901,19,428,940,667,879,0,0,1,9,0,1,0,1,9,4,2,8,9,4,0,6,6,7,8,7,9
609,16,6,2538,46698,98,698,82,678,785,507,393,0,9,8,6,9,8,0,8,2,6,7,8,7,8,5,5,0,7,3,9,3
610,1,6,2538,105615,15,615,17,374,735,168,688,0,1,5,6,1,5,0,1,7,3,7,4,7,3,5,1,6,8,6,8,8
611,17,5,2538,220381,81,381,55,460,597,511,488,0,8,1,3,8,1,0,5,5,4,6,0,5,9,7,5,1,1,4,8,8
612,2,5,2538,504692,92,692,88,304,886,268,273,0,9,2,6,9,2,0,8,8,3,0,4,8,8,6,2,6,8,2,7,3
613,16,4,2538,53581,81,581,99,560,968,681,376,0,8,1,5,8,1,0,9,9,5,6,0,9,6,8,6,8,1,3,7,6
614,1,4,2538,427039,39,39,6,254,926,674,978,0,3,9,0,3,9,0,0,6,2,5,4,9,2,6,6,7,4,9,7,8
615,16,3,2538,646847,47,847,67,225,44,91,220,0,4,7,8,4,7,0,6,7,2,2,5,0,4,4,0,9,1,2,2,0
616,1,3,2538,411454,54,454,71,34,19,22,152,0,5,4,4,5,4,0,7,1,0,3,4,0,1,9,0,2,2,1,5,2
617,16,2,2538,869070,70,70,95,828,597,462,126,0,7,0,0,7,0,0,9,5,8,2,8,5,9,7,4,6,2,1,2,6
618,1,2,2538,198162,62,162,48,195,87,805,574,0,6,2,1,6,2,0,4,8,1,9,5,0,8,7,8,0,5,5,7,4
619,16,1,2538,922388,88,388,40,186,667,253,2,0,8,8,3,8,8,0,4,0,1,8,6,6,6,7,2,5,3,0,0,2
620,30,12,2537,6284069,69,69,90,798,713,339,744,0,6,9,0,6,9,0,9,0,7,9,8,7,1,3,3,3,9,7,4,4
621,16,12,2537,5100040,40,40,50,654,129,766,544,0,4,0,0,4,0,0,5,0,6,5,4,1,2,9,7,6,6,5,4,4
622,1,12,2537,6832681,81,681,2,342,923,448,43,0,8,1,6,8,1,0,0,2,3,4,2,9,2,3,4,4,8,0,4,3
623,16,11,2537,6095849,49,849,82,504,902,225,816,0,4,9,8,4,9,0,8,2,5,0,4,9,0,2,2,2,5,8,1,6
624,1,11,2537,1676779,79,779,76,110,365,96,840,0,7,9,7,7,9,0,7,6,1,1,0,3,6,5,0,9,6,8,4,0
625,16,10,2537,7583048,48,48,79,165,294,428,24,0,4,8,0,4,8,0,7,9,1,6,5,2,9,4,4,2,8,0,2,4
626,1,10,2537,7128442,42,442,23,623,251,229,243,0,4,2,4,4,2,0,2,3,6,2,3,2,5,1,2,2,9,2,4,3
627,16,9,2537,4781931,31,931,88,46,255,164,886,0,3,1,9,3,1,0,8,8,0,4,6,2,5,5,1,6,4,8,8,6
628,1,9,2537,6220893,93,893,67,891,718,949,701,0,9,3,8,9,3,0,6,7,8,9,1,7,1,8,9,4,9,7,0,1
629,16,8,2537,6504760,60,760,28,303,724,897,677,0,6,0,7,6,0,0,2,8,3,0,3,7,2,4,8,9,7,6,7,7
630,1,8,2537,3114057,57,57,85,396,149,26,758,0,5,7,0,5,7,0,8,5,3,9,6,1,4,9,0,2,6,7,5,8
631,16,7,2537,5962891,91,891,74,424,686,628,622,0,9,1,8,9,1,0,7,4,4,2,4,6,8,6,6,2,8,6,2,2
632,1,7,2537,6568267,67,267,39,372,902,868,445,0,6,7,2,6,7,0,3,9,3,7,2,9,0,2,8,6,8,4,4,5
633,16,6,2537,1947355,55,355,53,302,583,524,669,0,5,5,3,5,5,0,5,3,3,0,2,5,8,3,5,2,4,6,6,9
634,1,6,2537,3560804,4,804,17,474,564,989,164,0,0,4,8,0,4,0,1,7,4,7,4,5,6,4,9,8,9,1,6,4
635,16,5,2537,2071764,64,764,29,93,544,535,746,0,6,4,7,6,4,0,2,9,0,9,3,5,4,4,5,3,5,7,4,6
636,2,5,2537,3072877,77,877,69,535,317,170,521,0,7,7,8,7,7,0,6,9,5,3,5,3,1,7,1,7,0,5,2,1
637,16,4,2537,7893913,13,913,21,785,982,151,594,0,1,3,9,1,3,0,2,1,7,8,5,9,8,2,1,5,1,5,9,4
638,1,4,2537,4269815,15,815,29,675,35,704,868,0,1,5,8,1,5,0,2,9,6,7,5,0,3,5,7,0,4,8,6,8
639,16,3,2537,1723336,36,336,19,382,166,515,185,0,3,6,3,3,6,0,1,9,3,8,2,1,6,6,5,1,5,1,8,5
640,1,3,2537,3373731,31,731,41,82,631,8,820,0,3,1,7,3,1,0,4,1,0,8,2,6,3,1,0,0,8,8,2,0
641,16,2,2537,7679044,44,44,76,943,520,753,486,0,4,4,0,4,4,0,7,6,9,4,3,5,2,0,7,5,3,4,8,6
642,1,2,2537,5984685,85,685,5,173,746,268,396,0,8,5,6,8,5,0,0,5,1,7,3,7,4,6,2,6,8,3,9,6
643,16,1,2537,4791270,70,270,23,873,237,845,708,0,7,0,2,7,0,0,2,3,8,7,3,2,3,7,8,4,5,7,0,8
644,30,12,2536,2669189,89,189,72,874,902,69,37,0,8,9,1,8,9,0,7,2,8,7,4,9,0,2,0,6,9,0,3,7
645,16,12,2536,4043500,0,500,69,646,156,478,253,0,0,0,5,0,0,0,6,9,6,4,6,1,5,6,4,7,8,2,5,3
646,1,12,2536,3670638,38,638,98,294,139,959,608,0,3,8,6,3,8,0,9,8,2,9,4,1,3,9,9,5,9,6,0,8
647,16,11,2536,7515123,23,123,82,410,507,184,112,0,2,3,1,2,3,0,8,2,4,1,0,5,0,7,1,8,4,1,1,2
648,1,11,2536,3908940,40,940,94,701,103,895,626,0,4,0,9,4,0,0,9,4,7,0,1,1,0,3,8,9,5,6,2,6
649,16,10,2536,7611764,64,764,58,254,216,684,566,0,6,4,7,6,4,0,5,8,2,5,4,2,1,6,6,8,4,5,6,6
650,1,10,2536,3415973,73,973,26,489,401,928,682,0,7,3,9,7,3,0,2,6,4,8,9,4,0,1,9,2,8,6,8,2
651,16,9,2536,4286755,55,755,11,296,963,890,504,0,5,5,7,5,5,0,1,1,2,9,6,9,6,3,8,9,0,5,0,4
652,1,9,2536,2812096,96,96,0,738,227,181,218,0,9,6,0,9,6,0,0,0,7,3,8,2,2,7,1,8,1,2,1,8
653,16,8,2536,4088644,44,644,86,30,260,200,33,0,4,4,6,4,4,0,8,6,0,3,0,2,6,0,2,0,0,0,3,3
654,1,8,2536,4137744,44,744,6,273,778,446,905,0,4,4,7,4,4,0,0,6,2,7,3,7,7,8,4,4,6,9,0,5
655,16,7,2536,5686061,61,61,21,865,873,702,818,0,6,1,0,6,1,0,2,1,8,6,5,8,7,3,7,0,2,8,1,8
656,1,7,2536,3820203,3,203,29,729,189,206,213,0,0,3,2,0,3,0,2,9,7,2,9,1,8,9,2,0,6,2,1,3
657,16,6,2536,2119871,71,871,39,146,955,961,223,0,7,1,8,7,1,0,3,9,1,4,6,9,5,5,9,6,1,2,2,3
658,1,6,2536,3488477,77,477,61,813,645,11,815,0,7,7,4,7,7,0,6,1,8,1,3,6,4,5,0,1,1,8,1,5
659,16,5,2536,1633983,83,983,53,109,740,812,606,0,8,3,9,8,3,0,5,3,1,0,9,7,4,0,8,1,2,6,0,6
660,2,5,2536,7749508,8,508,99,532,916,661,783,0,0,8,5,0,8,0,9,9,5,3,2,9,1,6,6,6,1,7,8,3
661,16,4,2536,5632018,18,18,9,265,995,970,200,0,1,8,0,1,8,0,0,9,2,6,5,9,9,5,9,7,0,2,0,0
662,1,4,2536,5825558,58,558,89,859,255,60,217,0,5,8,5,5,8,0,8,9,8,5,9,2,5,5,0,6,0,2,1,7
663,16,3,2536,7680699,99,699,98,554,547,731,509,0,9,9,6,9,9,0,9,8,5,5,4,5,4,7,7,3,1,5,0,9
664,1,3,2536,4006281,81,281,19,449,968,65,492,0,8,1,2,8,1,0,1,9,4,4,9,9,6,8,0,6,5,4,9,2
665,16,2,2536,7549455,55,455,41,165,31,850,34,0,5,5,4,5,5,0,4,1,1,6,5,0,3,1,8,5,0,0,3,4
666,1,2,2536,7459337,37,337,21,171,767,507,986,0,3,7,3,3,7,0,2,1,1,7,1,7,6,7,5,0,7,9,8,6
667,16,1,2536,5423816,16,816,25,419,335,947,620,0,1,6,8,1,6,0,2,5,4,1,9,3,3,5,9,4,7,6,2,0
668,30,12,2535,6662150,50,150,23,510,563,810,795,0,5,0,1,5,0,0,2,3,5,1,0,5,6,3,8,1,0,7,9,5
669,16,12,2535,4826531,31,531,92,945,601,383,851,0,3,1,5,3,1,0,9,2,9,4,5,6,0,1,3,8,3,8,5,1
670,1,12,2535,7120927,27,927,65,19,406,153,63,0,2,7,9,2,7,0,6,5,0,1,9,4,0,6,1,5,3,0,6,3
671,16,11,2535,3685682,82,682,45,223,632,49,295,0,8,2,6,8,2,0,4,5,2,2,3,6,3,2,0,4,9,2,9,5
672,1,11,2535,6267821,21,821,35,879,263,789,46,0,2,1,8,2,1,0,3,5,8,7,9,2,6,3,7,8,9,0,4,6
673,16,10,2535,3576993,93,993,79,412,312,37,964,0,9,3,9,9,3,0,7,9,4,1,2,3,1,2,0,3,7,9,6,4
674,1,10,2535,6379578,78,578,71,752,765,654,300,0,7,8,5,7,8,0,7,1,7,5,2,7,6,5,6,5,4,3,0,0
675,16,9,2535,6874108,8,108,88,221,127,30,623,0,0,8,1,0,8,0,8,8,2,2,1,1,2,7,0,3,0,6,2,3
676,1,9,2535,1446615,15,615,68,60,307,125,56,0,1,5,6,1,5,0,6,8,0,6,0,3,0,7,1,2,5,0,5,6
677,16,8,2535,6234607,7,607,91,978,251,422,151,0,0,7,6,0,7,0,9,1,9,7,8,2,5,1,4,2,2,1,5,1
678,1,8,2535,6697778,78,778,86,712,935,593,575,0,7,8,7,7,8,0,8,6,7,1,2,9,3,5,5,9,3,5,7,5
679,16,7,2535,7954430,30,430,87,492,324,756,339,0,3,0,4,3,0,0,8,7,4,9,2,3,2,4,7,5,6,3,3,9
680,1,7,2535,5119968,68,968,56,999,813,561,702,0,6,8,9,6,8,0,5,6,9,9,9,8,1,3,5,6,1,7,0,2
681,16,6,2535,5569432,32,432,92,392,880,914,221,0,3,2,4,3,2,0,9,2,3,9,2,8,8,0,9,1,4,2,2,1
682,1,6,2535,5184191,91,191,29,169,351,245,729,0,9,1,1,9,1,0,2,9,1,6,9,3,5,1,2,4,5,7,2,9
683,16,5,2535,2827496,96,496,59,333,738,246,890,0,9,6,4,9,6,0,5,9,3,3,3,7,3,8,2,4,6,8,9,0
684,2,5,2535,5765397,97,397,86,79,444,732,104,0,9,7,3,9,7,0,8,6,0,7,9,4,4,4,7,3,2,1,0,4
685,16,4,2535,2699374,74,374,10,836,662,139,325,0,7,4,3,7,4,0,1,0,8,3,6,6,6,2,1,3,9,3,2,5
686,1,4,2535,2244704,4,704,3,624,863,13,242,0,0,4,7,0,4,0,0,3,6,2,4,8,6,3,0,1,3,2,4,2
687,16,3,2535,1218353,53,353,48,4,578,543,737,0,5,3,3,5,3,0,4,8,0,0,4,5,7,8,5,4,3,7,3,7
688,1,3,2535,7291524,24,524,60,870,902,24,231,0,2,4,5,2,4,0,6,0,8,7,0,9,0,2,0,2,4,2,3,1
689,16,2,2535,1868701,1,701,94,641,849,349,599,0,0,1,7,0,1,0,9,4,6,4,1,8,4,9,3,4,9,5,9,9
690,1,2,2535,5986924,24,924,63,936,952,683,944,0,2,4,9,2,4,0,6,3,9,3,6,9,5,2,6,8,3,9,4,4
691,16,1,2535,1149428,28,428,18,34,543,672,132,0,2,8,4,2,8,0,1,8,0,3,4,5,4,3,6,7,2,1,3,2
692,30,12,2534,3208301,1,301,76,318,87,182,917,0,0,1,3,0,1,0,7,6,3,1,8,0,8,7,1,8,2,9,1,7
693,16,12,2534,7241436,36,436,88,613,667,717,597,0,3,6,4,3,6,0,8,8,6,1,3,6,6,7,7,1,7,5,9,7
694,1,12,2534,1470741,41,741,5,540,794,6,602,0,4,1,7,4,1,0,0,5,5,4,0,7,9,4,0,0,6,6,0,2
695,16,11,2534,4373528,28,528,8,979,477,937,643,0,2,8,5,2,8,0,0,8,9,7,9,4,7,7,9,3,7,6,4,3
696,1,11,2534,7894285,85,285,78,516,537,183,272,0,8,5,2,8,5,0,7,8,5,1,6,5,3,7,1,8,3,2,7,2
697,16,10,2534,2078202,2,202,38,585,566,338,314,0,0,2,2,0,2,0,3,8,5,8,5,5,6,6,3,3,8,3,1,4
698,1,10,2534,2730444,44,444,96,978,318,977,928,0,4,4,4,4,4,0,9,6,9,7,8,3,1,8,9,7,7,9,2,8
699,16,9,2534,4790449,49,449,18,114,298,220,381,0,4,9,4,4,9,0,1,8,1,1,4,2,9,8,2,2,0,3,8,1
700,1,9,2534,6700430,30,430,49,81,237,661,119,0,3,0,4,3,0,0,4,9,0,8,1,2,3,7,6,6,1,1,1,9
701,16,8,2534,3746551,51,551,89,845,377,44,182,0,5,1,5,5,1,0,8,9,8,4,5,3,7,7,0,4,4,1,8,2
702,1,8,2534,6580541,41,541,11,459,509,753,947,0,4,1,5,4,1,0,1,1,4,5,9,5,0,9,7,5,3,9,4,7
703,16,7,2534,1671946,46,946,62,822,846,951,882,0,4,6,9,4,6,0,6,2,8,2,2,8,4,6,9,5,1,8,8,2
704,1,7,2534,4441724,24,724,58,771,134,196,766,0,2,4,7,2,4,0,5,8,7,7,1,1,3,4,1,9,6,7,6,6
705,16,6,2534,5364632,32,632,91,370,785,761,268,0,3,2,6,3,2,0,9,1,3,7,0,7,8,5,7,6,1,2,6,8
706,1,6,2534,2496376,76,376,77,318,303,485,804,0,7,6,3,7,6,0,7,7,3,1,8,3,0,3,4,8,5,8,0,4
707,16,5,2534,2532303,3,303,63,931,269,688,802,0,0,3,3,0,3,0,6,3,9,3,1,2,6,9,6,8,8,8,0,2
708,2,5,2534,4222124,24,124,63,536,296,630,836,0,2,4,1,2,4,0,6,3,5,3,6,2,9,6,6,3,0,8,3,6
709,16,4,2534,4824037,37,37,57,565,711,970,206,0,3,7,0,3,7,0,5,7,5,6,5,7,1,1,9,7,0,2,0,6
710,1,4,2534,1606864,64,864,3,819,416,103,8,0,6,4,8,6,4,0,0,3,8,1,9,4,1,6,1,0,3,0,0,8
711,16,3,2534,5891641,41,641,59,540,715,527,866,0,4,1,6,4,1,0,5,9,5,4,0,7,1,5,5,2,7,8,6,6
712,1,3,2534,4598076,76,76,72,950,783,676,928,0,7,6,0,7,6,0,7,2,9,5,0,7,8,3,6,7,6,9,2,8
713,16,2,2534,3223780,80,780,33,992,658,242,596,0,8,0,7,8,0,0,3,3,9,9,2,6,5,8,2,4,2,5,9,6
714,1,2,2534,5396496,96,496,75,79,455,458,87,0,9,6,4,9,6,0,7,5,0,7,9,4,5,5,4,5,8,0,8,7
715,16,1,2534,5328736,36,736,29,649,645,225,388,0,3,6,7,3,6,0,2,9,6,4,9,6,4,5,2,2,5,3,8,8
716,30,12,2533,2190949,49,949,5,516,367,330,962,0,4,9,9,4,9,0,0,5,5,1,6,3,6,7,3,3,0,9,6,2
717,16,12,2533,4407799,99,799,21,708,359,171,238,0,9,9,7,9,9,0,2,1,7,0,8,3,5,9,1,7,1,2,3,8
718,1,12,2533,4771944,44,944,88,237,586,692,444,0,4,4,9,4,4,0,8,8,2,3,7,5,8,6,6,9,2,4,4,4
719,16,11,2533,1226536,36,536,6,426,20,721,50,0,3,6,5,3,6,0,0,6,4,2,6,0,2,0,7,2,1,0,5,0
720,1,11,2533,4380230,30,230,82,694,516,619,829,0,3,0,2,3,0,0,8,2,6,9,4,5,1,6,6,1,9,8,2,9
721,16,10,2533,5626303,3,303,56,351,928,923,431,0,0,3,3,0,3,0,5,6,3,5,1,9,2,8,9,2,3,4,3,1
722,1,10,2533,5738808,8,808,37,43,977,58,748,0,0,8,8,0,8,0,3,7,0,4,3,9,7,7,0,5,8,7,4,8
723,16,9,2533,5202390,90,390,55,461,211,85,747,0,9,0,3,9,0,0,5,5,4,6,1,2,1,1,0,8,5,7,4,7
724,1,9,2533,1622380,80,380,83,862,938,161,639,0,8,0,3,8,0,0,8,3,8,6,2,9,3,8,1,6,1,6,3,9
725,16,8,2533,1671935,35,935,43,325,746,361,644,0,3,5,9,3,5,0,4,3,3,2,5,7,4,6,3,6,1,6,4,4
726,1,8,2533,1867185,85,185,92,579,70,973,445,0,8,5,1,8,5,0,9,2,5,7,9,0,7,0,9,7,3,4,4,5
727,16,7,2533,3814178,78,178,11,342,619,112,770,0,7,8,1,7,8,0,1,1,3,4,2,6,1,9,1,1,2,7,7,0
728,1,7,2533,1076835,35,835,43,43,641,38,295,0,3,5,8,3,5,0,4,3,0,4,3,6,4,1,0,3,8,2,9,5
729,16,6,2533,3530344,44,344,65,878,144,198,371,0,4,4,3,4,4,0,6,5,8,7,8,1,4,4,1,9,8,3,7,1
730,1,6,2533,2355474,74,474,72,118,115,227,492,0,7,4,4,7,4,0,7,2,1,1,8,1,1,5,2,2,7,4,9,2
731,16,5,2533,5071272,72,272,34,565,815,942,465,0,7,2,2,7,2,0,3,4,5,6,5,8,1,5,9,4,2,4,6,5
732,2,5,2533,5898868,68,868,1,186,644,668,78,0,6,8,8,6,8,0,0,1,1,8,6,6,4,4,6,6,8,0,7,8
733,16,4,2533,5092890,90,890,84,664,59,912,489,0,9,0,8,9,0,0,8,4,6,6,4,0,5,9,9,1,2,4,8,9
734,1,4,2533,4734251,51,251,39,301,637,195,717,0,5,1,2,5,1,0,3,9,3,0,1,6,3,7,1,9,5,7,1,7
735,16,3,2533,3240205,5,205,88,443,275,775,559,0,0,5,2,0,5,0,8,8,4,4,3,2,7,5,7,7,5,5,5,9
736,1,3,2533,4968902,2,902,15,624,452,87,567,0,0,2,9,0,2,0,1,5,6,2,4,4,5,2,0,8,7,5,6,7
737,16,2,2533,3732892,92,892,1,889,596,386,601,0,9,2,8,9,2,0,0,1,8,8,9,5,9,6,3,8,6,6,0,1
738,1,2,2533,1078496,96,496,82,756,481,259,104,0,9,6,4,9,6,0,8,2,7,5,6,4,8,1,2,5,9,1,0,4
739,16,1,2533,3992239,39,239,97,898,234,288,284,0,3,9,2,3,9,0,9,7,8,9,8,2,3,4,2,8,8,2,8,4
